[
  {
    "nid": "3",
    "id": 0,
    "name": "荣耀厅",
    "entryCond": 0,
    "lowBet": 5000,
    "tallBet": 8000,
    "ChipList":[100, 1000, 5000, 10000, 50000]
  },
  {
    "nid": "3",
    "id": 1,
    "name": "传奇厅",
    "entryCond": 0,
    "lowBet": 5000,
    "tallBet": 40000,
    "ChipList":[1000, 5000, 10000, 50000, 100000]
  },
  {
    "nid": "3",
    "id": 2,
    "name": "尊享厅",
    "entryCond": 0,
    "lowBet": 5000,
    "tallBet": 80000,
    "ChipList":[1000, 5000, 10000, 50000, 100000]
  }
]