[
  {
    "nid": "83",
    "id": 0,
    "name": "初级场",
    "entryCond": 1000,
    "lowBet": 100,
    "capBet": 51200
  },
  {
    "nid": "83",
    "id": 1,
    "name": "中级场",
    "entryCond": 5000,
    "lowBet": 500,
    "capBet": 256000
  },
  {
    "nid": "83",
    "id": 2,
    "name": "高级场",
    "entryCond": 25000,
    "lowBet": 1000,
    "capBet": 512000
  },
  {
    "nid": "83",
    "id": 3,
    "name": "至尊场",
    "entryCond": 50000,
    "lowBet": 2000,
    "capBet": 1024000
  }
]