[
  {
    "nid": "18",
    "id": 0,
    "name": "初级场",
    "entryCond":600,
    "lowBet": 200,
    "capBet": 2000
  },
  {
    "nid": "18",
    "id": 1,
    "name": "中级场",
    "entryCond": 6000,
    "lowBet": 2000,
    "capBet": 20000
  },
  {
    "nid": "18",
    "id": 2,
    "name": "高级场",
    "entryCond": 30000,
    "lowBet": 10000,
    "capBet": 20000
  },
  {
    "nid": "18",
    "id": 3,
    "name": "至尊场",
    "entryCond": 150000,
    "lowBet": 50000,
    "capBet": 2000000
  }
]