[{
    "nid": "2",
    "minBonusPoolCorrectedValue": 0.75,
    "maxBonusPoolCorrectedValue": 1.25,
    "gameName": "Bài cào",
    "id": 0,
    "sceneName": "初级场",
    "amount": 0,
    "initAmount": 0,
    "minAmount": 0,
    "minParameter": 50000,
    "maxAmount": 500000,
    "maxParameter": 100000,
    "maxAmountInStore": 1000000,
    "maxAmountInStoreSwitch": false,
    "personalReferenceValue": 1000
  },
  {
    "nid": "2",
    "minBonusPoolCorrectedValue": 0.75,
    "maxBonusPoolCorrectedValue": 1.25,
    "gameName": "Bài cào",
    "id": 1,
    "sceneName": "中级场",
    "amount": 0,
    "initAmount": 0,
    "minAmount": 0,
    "minParameter": 100000,
    "maxAmount": 2500000,
    "maxParameter": 200000,
    "maxAmountInStore": 5000000,
    "maxAmountInStoreSwitch": false,
    "personalReferenceValue": 2000
  },
  {
    "nid": "2",
    "minBonusPoolCorrectedValue": 0.75,
    "maxBonusPoolCorrectedValue": 1.25,
    "gameName": "Bài cào",
    "id": 2,
    "sceneName": "高级场",
    "amount": 0,
    "initAmount": 0,
    "minAmount": 0,
    "minParameter": 200000,
    "maxAmount": 5000000,
    "maxParameter": 400000,
    "maxAmountInStore": 10000000,
    "maxAmountInStoreSwitch": false,
    "personalReferenceValue": 4000
  },
  {
    "nid": "2",
    "minBonusPoolCorrectedValue": 0.75,
    "maxBonusPoolCorrectedValue": 1.25,
    "gameName": "Bài cào",
    "id": 3,
    "sceneName": "至尊场",
    "amount": 0,
    "initAmount": 0,
    "minAmount": 0,
    "minParameter": 400000,
    "maxAmount": 10000000,
    "maxParameter": 800000,
    "maxAmountInStore": 20000000,
    "maxAmountInStoreSwitch": false,
    "personalReferenceValue": 8000
  }
]