[

  {
    "nid": "22",
    "minBonusPoolCorrectedValue": 0.75,
    "maxBonusPoolCorrectedValue": 1.25,
    "gameName": "21点",
    "id": 0,
    "sceneName": "初级场",
    "amount": 0,
    "initAmount": 0,
    "minAmount": 0,
    "minParameter": 200000,
    "maxAmount": 10000000,
    "maxParameter": 400000,
    "maxAmountInStore": 20000000,
    "maxAmountInStoreSwitch": false,
    "personalReferenceValue": 4000
  },
  {
    "nid": "22",
    "minBonusPoolCorrectedValue": 0.75,
    "maxBonusPoolCorrectedValue": 1.25,
    "gameName": "21点",
    "id": 1,
    "sceneName": "中级场",
    "amount": 0,
    "initAmount": 0,
    "minAmount": 0,
    "minParameter": 400000,
    "maxAmount": 20000000,
    "maxParameter": 800000,
    "maxAmountInStore": 40000000,
    "maxAmountInStoreSwitch": false,
    "personalReferenceValue": 8000
  },
  {
    "nid": "22",
    "minBonusPoolCorrectedValue": 0.75,
    "maxBonusPoolCorrectedValue": 1.25,
    "gameName": "21点",
    "id": 2,
    "sceneName": "高级场",
    "amount": 0,
    "initAmount": 0,
    "minAmount": 0,
    "minParameter": 400000,
    "maxAmount": 20000000,
    "maxParameter": 800000,
    "maxAmountInStore": 40000000,
    "maxAmountInStoreSwitch": false,
    "personalReferenceValue": 8000
  },
  {
    "nid": "22",
    "minBonusPoolCorrectedValue": 0.75,
    "maxBonusPoolCorrectedValue": 1.25,
    "gameName": "21点",
    "id": 3,
    "sceneName": "至尊场",
    "amount": 0,
    "initAmount": 0,
    "minAmount": 0,
    "minParameter": 400000,
    "maxAmount": 20000000,
    "maxParameter": 800000,
    "maxAmountInStore": 40000000,
    "maxAmountInStoreSwitch": false,
    "personalReferenceValue": 8000
  }
]