[
  {
    "nid": "6",
    "minBonusPoolCorrectedValue": 0.75,
    "maxBonusPoolCorrectedValue": 1.25,
    "gameName": "捕鱼达人",
    "id": 0,
    "sceneName": "0.1金币炮场",
    "amount": 0,
    "initAmount": 0,
    "minAmount": 0,
    "minParameter": 50000,
    "maxAmount": 1000000,
    "maxParameter": 100000,
    "maxAmountInStore": 2000000,
    "maxAmountInStoreSwitch": false,
    "personalReferenceValue": 1000
  },
  {
    "nid": "6",
    "minBonusPoolCorrectedValue": 0.75,
    "maxBonusPoolCorrectedValue": 1.25,
    "gameName": "捕鱼达人",
    "id": 1,
    "sceneName": "1金币炮场",
    "amount": 0,
    "initAmount": 0,
    "minAmount": 0,
    "minParameter": 200000,
    "maxAmount": 10000000,
    "maxParameter": 400000,
    "maxAmountInStore": 20000000,
    "maxAmountInStoreSwitch": false,
    "personalReferenceValue": 4000
  },
  {
    "nid": "6",
    "minBonusPoolCorrectedValue": 0.75,
    "maxBonusPoolCorrectedValue": 1.25,
    "gameName": "捕鱼达人",
    "id": 2,
    "sceneName": "5金币炮场",
    "amount": 0,
    "initAmount": 0,
    "minAmount": 0,
    "minParameter": 400000,
    "maxAmount": 20000000,
    "maxParameter": 800000,
    "maxAmountInStore": 40000000,
    "maxAmountInStoreSwitch": false,
    "personalReferenceValue": 8000
  }
]