[
  {
    "nid": "40",
    "gameName": "德州扑克",
    "id": 0,
    "sceneName": "(前注场)0.5/1盲注",
    "amount": 0,
    "initAmount": 5000,
    "minAmount": 2500,
    "minParameter": 100,
    "maxAmount": 10000,
    "maxParameter": 100,
    "maxAmountInStore": 20000,
    "maxAmountInStoreSwitch": false,
    "minBonusPoolCorrectedValue": 0.75,
    "maxBonusPoolCorrectedValue": 1.25,
    "personalReferenceValue": 1
  },
  {
    "nid": "40",
    "gameName": "德州扑克",
    "id": 1,
    "sceneName": "(前注场)2/4盲注",
    "amount": 0,
    "initAmount": 5000,
    "minAmount": 2500,
    "minParameter": 100,
    "maxAmount": 10000,
    "maxParameter": 100,
    "maxAmountInStore": 20000,
    "maxAmountInStoreSwitch": false,
    "minBonusPoolCorrectedValue": 0.75,
    "maxBonusPoolCorrectedValue": 1.25,
    "personalReferenceValue": 1
  },
  {
    "nid": "40",
    "gameName": "德州扑克",
    "id": 2,
    "sceneName": "(前注场)4/8盲注",
    "amount": 0,
    "initAmount": 5000,
    "minAmount": 2500,
    "minParameter": 100,
    "maxAmount": 10000,
    "maxParameter": 100,
    "maxAmountInStore": 20000,
    "maxAmountInStoreSwitch": false,
    "minBonusPoolCorrectedValue": 0.75,
    "maxBonusPoolCorrectedValue": 1.25,
    "personalReferenceValue": 1
  },
  {
    "nid": "40",
    "gameName": "德州扑克",
    "id": 3,
    "sceneName": "(前注场)10/20盲注",
    "amount": 0,
    "initAmount": 5000,
    "minAmount": 2500,
    "minParameter": 100,
    "maxAmount": 10000,
    "maxParameter": 100,
    "maxAmountInStore": 20000,
    "maxAmountInStoreSwitch": false,
    "minBonusPoolCorrectedValue": 0.75,
    "maxBonusPoolCorrectedValue": 1.25,
    "personalReferenceValue": 1
  },
  {
    "nid": "40",
    "gameName": "德州扑克",
    "id": 4,
    "sceneName": "(普通场)0.5/1盲注",
    "amount": 0,
    "initAmount": 5000,
    "minAmount": 2500,
    "minParameter": 100,
    "maxAmount": 10000,
    "maxParameter": 100,
    "maxAmountInStore": 20000,
    "maxAmountInStoreSwitch": false,
    "minBonusPoolCorrectedValue": 0.75,
    "maxBonusPoolCorrectedValue": 1.25,
    "personalReferenceValue": 1
  },
  {
    "nid": "40",
    "gameName": "德州扑克",
    "id": 5,
    "sceneName": "(普通场)2/4盲注",
    "amount": 0,
    "initAmount": 5000,
    "minAmount": 2500,
    "minParameter": 100,
    "maxAmount": 10000,
    "maxParameter": 100,
    "maxAmountInStore": 20000,
    "maxAmountInStoreSwitch": false,
    "minBonusPoolCorrectedValue": 0.75,
    "maxBonusPoolCorrectedValue": 1.25,
    "personalReferenceValue": 1
  },
  {
    "nid": "40",
    "gameName": "德州扑克",
    "id": 6,
    "sceneName": "(普通场)4/8盲注",
    "amount": 0,
    "initAmount": 5000,
    "minAmount": 2500,
    "minParameter": 100,
    "maxAmount": 10000,
    "maxParameter": 100,
    "maxAmountInStore": 20000,
    "maxAmountInStoreSwitch": false,
    "minBonusPoolCorrectedValue": 0.75,
    "maxBonusPoolCorrectedValue": 1.25,
    "personalReferenceValue": 1
  },
  {
    "nid": "40",
    "gameName": "德州扑克",
    "id": 7,
    "sceneName": "(普通场)10/20盲注",
    "amount": 0,
    "initAmount": 5000,
    "minAmount": 2500,
    "minParameter": 100,
    "maxAmount": 10000,
    "maxParameter": 100,
    "maxAmountInStore": 20000,
    "maxAmountInStoreSwitch": false,
    "minBonusPoolCorrectedValue": 0.75,
    "maxBonusPoolCorrectedValue": 1.25,
    "personalReferenceValue": 1
  }
]