[
  {
    "nid": "20",
    "gameName": "炸金花",
    "id": 0,
    "sceneName": "初级场",
    "amount": 0,
    "initAmount": 5000,
    "minAmount": 2500,
    "minParameter": 100,
    "maxAmount": 10000,
    "maxParameter": 100,
    "maxAmountInStore": 20000,
    "maxAmountInStoreSwitch": false,
    "minBonusPoolCorrectedValue": 0.75,
    "maxBonusPoolCorrectedValue": 1.25,
    "personalReferenceValue": 1
  },
  {
    "nid": "20",
    "gameName": "炸金花",
    "id": 1,
    "sceneName": "中级场",
    "amount": 0,
    "initAmount": 5000,
    "minAmount": 2500,
    "minParameter": 100,
    "maxAmount": 10000,
    "maxParameter": 100,
    "maxAmountInStore": 20000,
    "maxAmountInStoreSwitch": false,
    "minBonusPoolCorrectedValue": 0.75,
    "maxBonusPoolCorrectedValue": 1.25,
    "personalReferenceValue": 1
  },
  {
    "nid": "20",
    "gameName": "炸金花",
    "id": 2,
    "sceneName": "高级场",
    "amount": 0,
    "initAmount": 5000,
    "minAmount": 2500,
    "minParameter": 100,
    "maxAmount": 10000,
    "maxParameter": 100,
    "maxAmountInStore": 20000,
    "maxAmountInStoreSwitch": false,
    "minBonusPoolCorrectedValue": 0.75,
    "maxBonusPoolCorrectedValue": 1.25,
    "personalReferenceValue": 1
  },
  {
    "nid": "20",
    "gameName": "炸金花",
    "id": 3,
    "sceneName": "至尊场",
    "amount": 0,
    "initAmount": 5000,
    "minAmount": 2500,
    "minParameter": 100,
    "maxAmount": 10000,
    "maxParameter": 100,
    "maxAmountInStore": 20000,
    "maxAmountInStoreSwitch": false,
    "minBonusPoolCorrectedValue": 0.75,
    "maxBonusPoolCorrectedValue": 1.25,
    "personalReferenceValue": 1
  }
]