[
  {
    "nid": "50",
    "minBonusPoolCorrectedValue": 0.75,
    "maxBonusPoolCorrectedValue": 1.25,
    "gameName": "斗地主",
    "id": 0,
    "sceneName": "0.01金币",
    "amount": 0,
    "initAmount": 0,
    "minAmount": 0,
    "minParameter": 25000,
    "maxAmount": 100000,
    "maxParameter": 50000,
    "maxAmountInStore": 200000,
    "maxAmountInStoreSwitch": false,
    "personalReferenceValue": 500
  },
  {
    "nid": "50",
    "minBonusPoolCorrectedValue": 0.75,
    "maxBonusPoolCorrectedValue": 1.25,
    "gameName": "斗地主",
    "id": 1,
    "sceneName": "2金币",
    "amount": 0,
    "initAmount": 0,
    "minAmount": 0,
    "minParameter": 50000,
    "maxAmount": 500000,
    "maxParameter": 100000,
    "maxAmountInStore": 1000000,
    "maxAmountInStoreSwitch": false,
    "personalReferenceValue": 1000
  },
  {
    "nid": "50",
    "minBonusPoolCorrectedValue": 0.75,
    "maxBonusPoolCorrectedValue": 1.25,
    "gameName": "斗地主",
    "id": 2,
    "sceneName": "5金币",
    "amount": 0,
    "initAmount": 0,
    "minAmount": 0,
    "minParameter": 100000,
    "maxAmount": 1000000,
    "maxParameter": 200000,
    "maxAmountInStore": 2000000,
    "maxAmountInStoreSwitch": false,
    "personalReferenceValue": 2000
  },
  {
    "nid": "50",
    "minBonusPoolCorrectedValue": 0.75,
    "maxBonusPoolCorrectedValue": 1.25,
    "gameName": "斗地主",
    "id": 3,
    "sceneName": "10金币",
    "amount": 0,
    "initAmount": 0,
    "minAmount": 0,
    "minParameter": 250000,
    "maxAmount": 2000000,
    "maxParameter": 500000,
    "maxAmountInStore": 4000000,
    "maxAmountInStoreSwitch": false,
    "personalReferenceValue": 5000
  }
]