[
    {
        "nid": "13",
        "minBonusPoolCorrectedValue": 0.75,
        "maxBonusPoolCorrectedValue": 1.25,
        "gameName": "二人麻将",
        "id": 0,
        "sceneName": "初级场",
        "amount": 0,
        "initAmount": 0,
        "minAmount": 0,
        "minParameter": 100000,
        "maxAmount": 5000000,
        "maxParameter": 200000,
        "maxAmountInStore": 10000000,
        "maxAmountInStoreSwitch": false,
        "personalReferenceValue": 2000
    },
    {
        "nid": "13",
        "minBonusPoolCorrectedValue": 0.75,
        "maxBonusPoolCorrectedValue": 1.25,
        "gameName": "二人麻将",
        "id": 1,
        "sceneName": "中级场",
        "amount": 0,
        "initAmount": 0,
        "minAmount": 0,
        "minParameter": 100000,
        "maxAmount": 5000000,
        "maxParameter": 200000,
        "maxAmountInStore": 10000000,
        "maxAmountInStoreSwitch": false,
        "personalReferenceValue": 2000
    }
]