{
  "id":1,
  "startGold": 200000,
  "tixianBate": 0,
  "tixianRabate": 0,
  "signData": [],
  "customer": "",
  "languageForWeb": null,
  "isOpenH5": false,
  "isCloseApi": false,
  "closeNid": [],
  "gameResultUrl": null,
  "backButton": [],
  "hotGameButton": [],
  "bankList": [],
  "apiTestAgent": null,
  "unlimitedList": null,
  "openUnlimited": false,
  "iplRebate": 0,
  "defaultChannelCode": null,
  "inputGoldThan": 0,
  "winGoldThan": 0,
  "winAddRmb": 0,
  "cellPhoneGold":0,
  "h5GameUrl": "www.www.com"
}
