{"leave_room":{"probability":16,"interval":20011},"Ready":{"probability":95,"interval":3007},"text1":"流程1=no看牌==封顶看牌||看牌||封顶弃牌||弃牌||比牌||跟注||加注","text2":"流程2=看牌==封顶弃牌||弃牌||封顶比牌||比牌||跟注||加注","CardType":{"kanpai_0":{"0":{"x1":[12,12,12,12,12],"x2":[5,5,5,5,5]},"1":{"x1":[12,12,12,12,12],"x2":[5,5,5,5,5]},"2":{"x1":[12,12,12,12,12],"x2":[5,5,5,5,5]},"3":{"x1":[12,12,12,12,12],"x2":[5,5,5,5,5]},"4":{"x1":[12,12,12,12,12],"x2":[5,5,5,5,5]},"5":{"x1":[12,12,12,12,12],"x2":[5,5,5,5,5]},"text":"未封顶看牌 =x1*[轮数]+x2*[已看]"},"kanpai_1":{"text":"封顶后看牌=（[已看]/[玩家]）"},"Cingl_0":{"0":[97,97,97,97,97],"1":[97,97,97,97,97],"2":[97,97,97,97,97],"3":[97,97,97,97,97],"4":[97,97,97,97,97],"5":[97,97,97,97,97],"text":"未看牌跟注 =x1"},"Cingl_1":{"0":[70,60,50,50,90],"1":[70,60,50,50,90],"2":[50,50,60,70,80],"3":[40,50,60,80,90],"4":[35,50,65,75,90],"5":[25,30,35,50,50],"text":"看牌后跟注 =牌型[排名]"},"Fold_0":{"0":[0,1,2,2,5],"1":[0,1,2,2,5],"2":[0,1,2,2,5],"3":[0,1,2,2,5],"4":[0,1,2,2,5],"5":[0,1,2,2,5],"text":"未看牌 弃牌 =x1*[轮数] "},"Fold_1":{"0":{"x1":[5,0,0,0,0],"x2":[0.7,0.7,0.7,0.7,0.7]},"1":{"x1":[2,0,0,0,0],"x2":[0.7,0.7,0.7,0.7,0.7]},"2":{"x1":[0,0,0,0,0],"x2":[0.7,0.7,0.7,0.7,0.7]},"3":{"x1":[0,0,0,0,0],"x2":[0.7,0.7,0.7,0.7,0.7]},"4":{"x1":[0,0,0,0,0],"x2":[0.7,0.7,0.7,0.7,0.7]},"5":{"x1":[0,0,0,0,0],"x2":[0.7,0.7,0.7,0.7,0.7]},"text":"看牌后 x1+([排名]-1)*[牌重][轮数]*x2"},"Fold_2":{"0":[2,30,30,40,40],"1":[1,20,20,30,40],"2":[1,10,15,30,30],"3":[0,10,15,30,30],"4":[0,10,10,20,20],"5":[0,5,10,20,20],"text":"封顶后弃牌 x1*[轮数]"},"BiPai_0":{"0":[5,5,5,5,5],"1":[5,5,5,5,5],"2":[5,5,5,5,5],"3":[5,5,5,5,5],"4":[5,5,5,5,5],"5":[5,5,5,5,5],"text":"未看牌比牌 x1"},"BiPai_1":{"0":{"x1":[10,15,20,20,20],"x2":[1.3,1.3,1.3,1.3,1.3]},"1":{"x1":[15,10,15,5,15],"x2":[1.3,1.3,1.3,1.3,1.3]},"2":{"x1":[30,20,10,5,0],"x2":[1.3,1.3,1.3,1.3,1.3]},"3":{"x1":[20,15,10,5,5],"x2":[1.3,1.3,1.3,1.3,1.3]},"4":{"x1":[5,10,10,10,10],"x2":[1.3,1.3,1.3,1.3,1.3]},"5":{"x1":[0,5,5,5,5],"x2":[1.3,1.3,1.3,1.3,1.3]},"text":"看牌后 比牌 x1+[轮数]*[x2]"},"BiPai_2":{"0":[15,20,20,25,25],"1":[10,20,20,25,25],"2":[5,15,15,25,25],"3":[2,10,15,25,25],"4":[0,10,15,30,30],"5":[0,10,15,30,30],"text":"封顶比牌 x1*[轮数]"}}}