{
  "chinese_zh":[
    {"nid": "6", "name":"捕鱼达人", "scenes":[ {"scene": 0 , "name": "休闲场"},{"scene": 1 , "name": "专业场"},{"scene": 2 , "name": "精英场"}]},
    {"nid": "1", "name":"幸运777", "scenes": [{"scene": 0 , "name": "专业场"},{"scene": 1 , "name": "专业场"}]},
    {"nid": "29", "name":"冰球突破", "scenes": [{"scene": 0 , "name": "专业场"},{"scene": 1 , "name": "专业场"}]},
    {"nid": "31", "name":"金鸡报喜", "scenes": [{"scene": 0 , "name": "专业场"},{"scene": 1 , "name": "专业场"}]},
    {"nid": "32", "name":"亡灵之书", "scenes": [{"scene": 0 , "name": "专业场"},{"scene": 1 , "name": "专业场"}]},
    {"nid": "35", "name":"旋转派对", "scenes": [{"scene": 0 , "name": "专业场"},{"scene": 1 , "name": "专业场"}]},
    {"nid": "37", "name":"三倍熊猫", "scenes": [{"scene": 0 , "name": "专业场"},{"scene": 1 , "name": "专业场"}]},
    {"nid": "38", "name":"桑巴嘉年华", "scenes": [{"scene": 0 , "name": "专业场"},{"scene": 1 , "name": "专业场"}]},
    {"nid": "33", "name":"糖果暴富", "scenes": [{"scene": 0 , "name": "专业场"},{"scene": 1 , "name": "专业场"}]},
    {"nid": "34", "name":"钻石矿工", "scenes": [{"scene": 0 , "name": "专业场"},{"scene": 1 , "name": "专业场"}]},
    {"nid": "2", "name":"百草", "scenes":  [{"scene": 0 , "name": "初级场"},{"scene": 1 , "name": "中级场"},{"scene": 2 , "name": "高级场"},{"scene": 3 , "name": "至尊场"}]},
    {"nid": "3", "name":"双骰", "scenes": [{"scene": 0 , "name": "荣耀厅"},{"scene": 1 , "name": "传奇厅"},{"scene": 2 , "name": "尊享厅"}]},
    {"nid": "4", "name":"梭哈", "scenes": [{"scene": 0 , "name": "初级场"},{"scene": 1 , "name": "中级场"},{"scene": 2 , "name": "高级场"},{"scene": 3 , "name": "至尊场"}]},
    {"nid": "5", "name":"骰子扑克", "scenes": [{"scene": 0 , "name": "体验场"},{"scene": 1 , "name": "初级场"},{"scene": 2 , "name": "中级场"},{"scene": 3 , "name": "高级场"},{"scene": 4 , "name": "至尊场"}]},
    {"nid": "50","name":"斗地主", "scenes": [{"scene": 0 , "name": "初级场"},{"scene": 1 , "name": "中级场"},{"scene": 2 , "name": "高级场"},{"scene": 3 , "name": "至尊场"}]},
    {"nid": "51","name":"渔场大亨", "scenes": [{"scene": 0 , "name": "荣耀厅"}]},
    {"nid": "52","name":"水果机", "scenes": [{"scene": 0 , "name": "专业场"}]},
    {"nid": "53","name":"万人金花", "scenes": [{"scene": 0 , "name": "荣耀厅"},{"scene": 1 , "name": "传奇厅"}]},
    {"nid": "54","name":"麻辣火锅", "scenes": [{"scene": 0 , "name": "专业场"}]},
    {"nid": "58","name":"鱼虾蟹", "scenes": [{"scene": 0 , "name": "荣耀厅"}]},
    {"nid": "7", "name":"猴王传奇", "scenes": [{"scene": 0 , "name": "专业场"}]},
    {"nid": "18", "name":"推筒子", "scenes": [{"scene": 0 , "name": "初级场"},{"scene": 1 , "name": "中级场"},{"scene": 2 , "name": "高级场"},{"scene": 3 , "name": "至尊场"}]},
    {"nid": "81","name":"红包扫雷", "scenes": [{"scene": 0 , "name": "10包1倍场"},{"scene": 1 , "name": "7包1.5倍场"}]},
    {"nid": "82","name":"色碟", "scenes": [{"scene": 0 , "name": "荣耀厅"}]},
    {"nid": "83","name":"猜AB", "scenes": [{"scene": 0 , "name": "初级场"},{"scene": 1 , "name": "中级场"},{"scene": 2 , "name": "高级场"},{"scene": 3 , "name": "至尊场"}]},
    {"nid": "84","name":"拉米纸牌", "scenes":  [{"scene": 0 , "name": "初级场"},{"scene": 1 , "name": "中级场"},{"scene": 2 , "name": "高级场"},{"scene": 3 , "name": "至尊场"}]},
    {"nid": "85","name":"番摊", "scenes": [{"scene": 0 , "name": "荣耀厅"}]},
    {"nid": "8", "name":"百家乐","scenes": [{"scene": 0 , "name": "荣耀厅"},{"scene": 1 , "name": "传奇厅"},{"scene": 2 , "name": "尊享厅"}]},
    {"nid": "9", "name":"百人牛牛","scenes": [{"scene": 0 , "name": "荣耀厅"},{"scene": 1 , "name": "传奇厅"}]},
    {"nid": "10", "name":"寻宝奇航","scenes": [{"scene": 0 , "name": "专业场"}]},
    {"nid": "41", "name":"五星宏辉","scenes": [{"scene": 0 , "name": "专业场"}]},
    {"nid": "12", "name":"埃及夺宝","scenes": [{"scene": 0 , "name": "专业场"}]},
    {"nid": "13", "name":"二人麻将","scenes":  [{"scene": 0 , "name": "初级场"},{"scene": 1 , "name": "中级场"},{"scene": 2 , "name": "高级场"},{"scene": 3 , "name": "至尊场"}]},
    {"nid": "14", "name":"奔驰宝马","scenes": [{"scene": 0 , "name": "荣耀厅"},{"scene": 1 , "name": "尊享厅"}]},
    {"nid": "15", "name":"比牌牛牛","scenes": [{"scene": 0 , "name": "荣耀厅"},{"scene": 1 , "name": "传奇厅"},{"scene": 2 , "name": "尊享厅"},{"scene": 3 , "name": "土豪厅"}]},
    {"nid": "16", "name":"印度三张牌","scenes":  [{"scene": 0 , "name": "初级场"},{"scene": 1 , "name": "中级场"},{"scene": 2 , "name": "高级场"},{"scene": 3 , "name": "至尊场"}]},
    {"nid": "17", "name":"百人21点","scenes": [{"scene": 0 , "name": "荣耀厅"},{"scene": 1 , "name": "传奇厅"},{"scene": 2 , "name": "尊享厅"}]},
    {"nid": "22", "name":"21点","scenes": [{"scene": 0 , "name": "初级场"},{"scene": 1 , "name": "中级场"},{"scene": 2 , "name": "高级场"},{"scene": 3 , "name": "至尊场"}]},
    {"nid": "19", "name":"红黑大战","scenes": [{"scene": 0 , "name": "荣耀厅"},{"scene": 1 , "name": "传奇厅"},{"scene": 2 , "name": "尊享厅"}]},
    {"nid": "20", "name":"炸金花","scenes": [{"scene": 0 , "name": "初级场"},{"scene": 1 , "name": "中级场"},{"scene": 2 , "name": "高级场"},{"scene": 3 , "name": "至尊场"}]},
    {"nid": "21", "name":"幸运骰子","scenes":  [{"scene": 0 , "name": "初级场"},{"scene": 1 , "name": "中级场"},{"scene": 2 , "name": "高级场"},{"scene": 3 , "name": "至尊场"}]},
    {"nid": "40", "name":"德州扑克","scenes": [{"scene": 0 , "name": "财运亨通"},{"scene": 1 , "name": "日进斗金"},
      {"scene": 2 , "name": "金玉满堂"},{"scene": 3 , "name": "富可敌国"},{"scene": 4 , "name": "初窥门径"},
      {"scene": 5 , "name": "驾轻就熟"},{"scene": 6 , "name": "炉火纯青"},{"scene": 7 , "name": "登峰造极"}]},
    {"nid": "47", "name":"看4张抢庄牛牛","scenes": [{"scene": 0 , "name": "体验场"},{"scene": 1 , "name": "初级场"},{"scene": 2 , "name": "中级场"},{"scene": 3 , "name": "高级场"},{"scene": 4 , "name": "至尊场"},{"scene": 5 , "name": "王者场"}]},
    {"nid": "11", "name":"皇家连环炮","scenes": [{"scene": 0 , "name": "专业场"}]},
    {"nid": "42","name":"龙虎斗","scenes": [{"scene": 0 , "name": "荣耀厅"},{"scene": 1 , "name": "传奇厅"},{"scene": 2 , "name": "尊享厅"}]},
    {"nid": "43", "name":"骰宝","scenes": [{"scene": 0 , "name": "传奇厅"}]},
    {"nid": "44", "name":"刮刮乐","scenes": [{"scene": 0 , "name": "专业场"}]},
    {"nid": "45", "name":"13水","scenes":  [{"scene": 0 , "name": "初级场"},{"scene": 1 , "name": "中级场"},{"scene": 2 , "name": "高级场"},{"scene": 3 , "name": "至尊场"}]},
    {"nid": "46", "name":"三公","scenes": [{"scene": 0 , "name": "初级场"},{"scene": 1 , "name": "中级场"},{"scene": 2 , "name": "高级场"},{"scene": 3 , "name": "至尊场"}]},
    {"nid": "23", "name":"抢庄牛牛","scenes": [{"scene": 0 , "name": "初级场"},{"scene": 1 , "name": "中级场"},{"scene": 2 , "name": "高级场"},{"scene": 3 , "name": "至尊场"}]},
    {"nid": "49", "name":"万人推筒子","scenes": [{"scene": 0 , "name": "荣耀厅"},{"scene": 1 , "name": "传奇厅"}]},
    {"nid": "59", "name":"Crash","scenes": [{"scene": 0 , "name": "荣耀厅"}]},

    {"nid": "60", "name":"CashSlot","scenes": [{"scene": 0 , "name": "荣耀厅"}]},
    {"nid": "39", "name":"Crash","scenes": [{"scene": 0 , "name": "荣耀厅"}]},
    {"nid": "15", "name":"万圣夜","scenes": [{"scene": 0 , "name": "荣耀厅"}]},
    {"nid": "26", "name":"BingoMoney","scenes": [{"scene": 0 , "name": "荣耀厅"}]},
    {"nid": "27", "name":"hl6xc","scenes": [{"scene": 0 , "name": "荣耀厅"}]},
    {"nid": "28", "name":"gems","scenes": [{"scene": 0 , "name": "荣耀厅"}]},
    {"nid": "30", "name":"CandyParty","scenes": [{"scene": 0 , "name": "荣耀厅"}]},
    {"nid": "25", "name":"抢庄牌九", "scenes": [{"scene": 0 , "name": "体验场"},{"scene": 1 , "name": "初级场"},{"scene": 2 , "name": "中级场"},{"scene": 3 , "name": "高级场"},{"scene": 4 , "name": "至尊场"}]}
  ],
  "english":[
    {"nid": "6", "name":"捕鱼达人", "scenes":[ {"scene": 0 , "name": "Leisure room"},{"scene": 1 , "name": "Professional room"},{"scene": 2 , "name": "Elite room"}]},
    {"nid": "1", "name":"幸运777", "scenes": [{"scene": 0 , "name": "Professional room"},{"scene": 1 , "name": "Professional room"}]},
    {"nid": "29", "name":"冰球突破", "scenes": [{"scene": 0 , "name": "Professional room"},{"scene": 1 , "name": "Professional room"}]},
    {"nid": "31", "name":"金鸡报喜", "scenes": [{"scene": 0 , "name": "Professional room"},{"scene": 1 , "name": "Professional room"}]},
    {"nid": "32", "name":"亡灵之书", "scenes": [{"scene": 0 , "name": "Professional room"},{"scene": 1 , "name": "Professional room"}]},
    {"nid": "35", "name":"旋转派对", "scenes": [{"scene": 0 , "name": "Professional room"},{"scene": 1 , "name": "Professional room"}]},
    {"nid": "37", "name":"三倍熊猫", "scenes": [{"scene": 0 , "name": "Professional room"},{"scene": 1 , "name": "Professional room"}]},
    {"nid": "38", "name":"桑巴嘉年华", "scenes": [{"scene": 0 , "name": "Professional room"},{"scene": 1 , "name": "Professional room"}]},
    {"nid": "33", "name":"糖果暴富", "scenes": [{"scene": 0 , "name": "Professional room"},{"scene": 1 , "name": "Professional room"}]},
    {"nid": "34", "name":"钻石矿工", "scenes": [{"scene": 0 , "name": "Professional room"},{"scene": 1 , "name": "Professional room"}]},
    {"nid": "2", "name":"百草", "scenes":  [{"scene": 0 , "name": "Beginner's Room"},{"scene": 1 , "name": "Intermediate Room"},{"scene": 2 , "name": "Advanced Room"},{"scene": 3 , "name": "Supreme Room"}]},
    {"nid": "3", "name":"双骰", "scenes": [{"scene": 0 , "name": "Glory Lobby"},{"scene": 1 , "name": "Legend Lobby"},{"scene": 2 , "name": "Prime Lobby"}]},
    {"nid": "4", "name":"梭哈", "scenes": [{"scene": 0 , "name": "Beginner's Room"},{"scene": 1 , "name": "Intermediate Room"},{"scene": 2 , "name": "Advanced Room"},{"scene": 3 , "name": "Supreme Room"}]},
    {"nid": "5", "name":"骰子扑克","scenes": [{"scene": 0 , "name": "experience room"},{"scene": 1 , "name": "Beginner's Room"},{"scene": 2 , "name": "Intermediate Room"},{"scene": 3 , "name": "Advanced Room"},{"scene": 4 , "name": "Supreme Room"}]},
    {"nid": "50","name":"斗地主", "scenes": [{"scene": 0 , "name": "Beginner's Room"},{"scene": 1 , "name": "Intermediate Room"},{"scene": 2 , "name": "Advanced Room"},{"scene": 3 , "name": "Supreme Room"}]},
    {"nid": "51","name":"渔场大亨", "scenes": [{"scene": 0 , "name": "Glory Lobby"}]},
    {"nid": "52","name":"水果机", "scenes": [{"scene": 0 , "name": "Professional room"}]},
    {"nid": "53","name":"万人金花", "scenes": [{"scene": 0 , "name": "Glory Lobby"},{"scene": 1 , "name": "Legend Lobby"}]},
    {"nid": "54","name":"麻辣火锅", "scenes": [{"scene": 0 , "name": "Professional room"}]},
    {"nid": "58","name":"鱼虾蟹", "scenes": [{"scene": 0 , "name": "Glory Lobby"}]},
    {"nid": "7", "name":"猴王传奇", "scenes": [{"scene": 0 , "name": "Professional room"}]},
    {"nid": "18", "name":"推筒子", "scenes": [{"scene": 0 , "name": "Beginner's Room"},{"scene": 1 , "name": "Intermediate Room"},{"scene": 2 , "name": "Advanced Room"},{"scene": 3 , "name": "Supreme Room"}]},
    {"nid": "22", "name":"21点", "scenes": [{"scene": 0 , "name": "Beginner's Room"},{"scene": 1 , "name": "Intermediate Room"},{"scene": 2 , "name": "Advanced Room"},{"scene": 3 , "name": "Supreme Room"}]},
    {"nid": "81","name":"红包扫雷", "scenes": [{"scene": 0 , "name": "10 red envelopes"},{"scene": 1 , "name": "7 red envelopes"}]},
    {"nid": "82","name":"色碟", "scenes": [{"scene": 0 , "name": "Glory Lobby"}]},
    {"nid": "83","name":"猜AB", "scenes":  [{"scene": 0 , "name": "Beginner's Room"},{"scene": 1 , "name": "Intermediate Room"},{"scene": 2 , "name": "Advanced Room"},{"scene": 3 , "name": "Supreme Room"}]},
    {"nid": "84","name":"拉米纸牌", "scenes":  [{"scene": 0 , "name": "Beginner's Room"},{"scene": 1 , "name": "Intermediate Room"},{"scene": 2 , "name": "Advanced Room"},{"scene": 3 , "name": "Supreme Room"}]},
    {"nid": "85","name":"番摊", "scenes": [{"scene": 0 , "name": "Glory Lobby"}]},
    {"nid": "8", "name":"百家乐","scenes": [{"scene": 0 , "name": "Glory Lobby"},{"scene": 1 , "name": "Legend Lobby"},{"scene": 2 , "name": "Prime Lobby"}]},
    {"nid": "9", "name":"百人牛牛","scenes": [{"scene": 0 , "name": "Glory Lobby"},{"scene": 1 , "name": "Legend Lobby"}]},
    {"nid": "10", "name":"寻宝奇航","scenes": [{"scene": 0 , "name": "Professional room"}]},
    {"nid": "41", "name":"五星宏辉","scenes": [{"scene": 0 , "name": "Professional room"}]},
    {"nid": "12", "name":"埃及夺宝","scenes": [{"scene": 0 , "name": "Professional room"}]},
    {"nid": "13", "name":"二人麻将","scenes":  [{"scene": 0 , "name": "Beginner's Room"},{"scene": 1 , "name": "Intermediate Room"},{"scene": 2 , "name": "Advanced Room"},{"scene": 3 , "name": "Supreme Room"}]},
    {"nid": "14", "name":"奔驰宝马","scenes": [{"scene": 0 , "name": "Glory Lobby"},{"scene": 1 , "name": "Prime Lobby"}]},
    {"nid": "16", "name":"印度三张牌","scenes":  [{"scene": 0 , "name": "Beginner's Room"},{"scene": 1 , "name": "Intermediate Room"},{"scene": 2 , "name": "Advanced Room"},{"scene": 3 , "name": "Supreme Room"}]},
    {"nid": "17", "name":"百人21点","scenes": [{"scene": 0 , "name": "Glory Lobby"},{"scene": 1 , "name": "Legend Lobby"},{"scene": 2 , "name": "Prime Lobby"}]},
    {"nid": "19", "name":"红黑大战","scenes": [{"scene": 0 , "name": "Glory Lobby"},{"scene": 1 , "name": "Legend Lobby"},{"scene": 2 , "name": "Prime Lobby"}]},
    {"nid": "20", "name":"炸金花","scenes": [{"scene": 0 , "name": "Beginner's Room"},{"scene": 1 , "name": "Intermediate Room"},{"scene": 2 , "name": "Advanced Room"},{"scene": 3 , "name": "Supreme Room"}]},
    {"nid": "21", "name":"幸运骰子","scenes":  [{"scene": 0 , "name": "Beginner's Room"},{"scene": 1 , "name": "Intermediate Room"},{"scene": 2 , "name": "Advanced Room"},{"scene": 3 , "name": "Supreme Room"}]},
    {"nid": "40", "name":"德州扑克","scenes": [{"scene": 0 , "name": "Wishing Prosperity"},{"scene": 1 , "name": "Large quantities \nof Gold"},
      {"scene": 2 , "name": "Abundant Wealth"},{"scene": 3 , "name": "Fabulously Rich"},{"scene": 4 , "name": "Understanding"},
      {"scene": 5 , "name": "Skilled"},{"scene": 6 , "name": "Master"},{"scene": 7 , "name": "Top King"}]},
    {"nid": "47", "name":"看4张抢庄牛牛","scenes": [{"scene": 0 , "name": "experience room"},{"scene": 1 , "name": "Beginner's Room"},{"scene": 2 , "name": "Intermediate Room"},{"scene": 3 , "name": "Advanced Room"},{"scene": 4 , "name": "Supreme Room"},{"scene": 5 , "name": "King's Room"}]},
    {"nid": "11", "name":"皇家连环炮","scenes": [{"scene": 0 , "name": "Professional room"}]},
    {"nid": "42","name":"龙虎斗","scenes": [{"scene": 0 , "name": "Glory Lobby"},{"scene": 1 , "name": "Legend Lobby"},{"scene": 2 , "name": "Prime Lobby"}]},
    {"nid": "43", "name":"骰宝","scenes": [{"scene": 0 , "name": "Legend Lobby"}]},
    {"nid": "44", "name":"刮刮乐","scenes": [{"scene": 0 , "name": "Professional room"}]},
    {"nid": "45", "name":"13水","scenes": [{"scene": 0 , "name": "Beginner's Room"},{"scene": 1 , "name": "Intermediate Room"},{"scene": 2 , "name": "Advanced Room"},{"scene": 3 , "name": "Supreme Room"}]},
    {"nid": "46", "name":"三公","scenes": [{"scene": 0 , "name": "Beginner's Room"},{"scene": 1 , "name": "Intermediate Room"},{"scene": 2 , "name": "Advanced Room"},{"scene": 3 , "name": "Supreme Room"}]},
    {"nid": "23", "name":"抢庄牛牛","scenes": [{"scene": 0 , "name": "Beginner's Room"},{"scene": 1 , "name": "Intermediate Room"},{"scene": 2 , "name": "Advanced Room"},{"scene": 3 , "name": "Supreme Room"}]},
    {"nid": "49", "name":"万人推筒子","scenes": [{"scene": 0 , "name": "Glory Lobby"},{"scene": 1 , "name": "Legend Lobby"}]},
    {"nid": "59", "name":"Crash","scenes": [{"scene": 0 , "name": "Glory Lobby"}]},
    {"nid": "60", "name":"CashSlot","scenes": [{"scene": 0 , "name": "Glory Lobby"}]},
    {"nid": "39", "name":"caishen","scenes": [{"scene": 0 , "name": "Glory Lobby"}]},
    {"nid": "15", "name":"万圣夜","scenes": [{"scene": 0 , "name": "Glory Lobby"}]},
    {"nid": "26", "name":"BingoMoney","scenes": [{"scene": 0 , "name": "Glory Lobby"}]},
    {"nid": "27", "name":"hl6xc","scenes": [{"scene": 0 , "name": "Glory Lobby"}]},
    {"nid": "28", "name":"gems","scenes": [{"scene": 0 , "name": "Glory Lobby"}]},
    {"nid": "30", "name":"CandyParty","scenes": [{"scene": 0 , "name": "Glory Lobby"}]},
    {"nid": "25", "name":"抢庄牌九","scenes": [{"scene": 0 , "name": "experience room"},{"scene": 1 , "name": "Beginner's Room"},{"scene": 2 , "name": "Intermediate Room"},{"scene": 3 , "name": "Advanced Room"},{"scene": 4 , "name": "Supreme Room"}]}
  ],
  "Dai":[
    {"nid": "6", "name":"捕鱼达人", "scenes":[ {"scene": 0 , "name": "ห้องสันทนาการ"},{"scene": 1 , "name": "ห้องมืออาชีพ"},{"scene": 2 , "name": "ห้องอีลิท"}]},
    {"nid": "1", "name":"幸运777", "scenes": [{"scene": 0 , "name": "ห้องมืออาชีพ"},{"scene": 1 , "name": "ห้องมืออาชีพ"}]},
    {"nid": "29", "name":"冰球突破", "scenes": [{"scene": 0 , "name": "ห้องมืออาชีพ"},{"scene": 1 , "name": "ห้องมืออาชีพ"}]},
    {"nid": "31", "name":"金鸡报喜", "scenes": [{"scene": 0 , "name": "ห้องมืออาชีพ"},{"scene": 1 , "name": "ห้องมืออาชีพ"}]},
    {"nid": "32", "name":"亡灵之书", "scenes": [{"scene": 0 , "name": "ห้องมืออาชีพ"},{"scene": 1 , "name": "ห้องมืออาชีพ"}]},
    {"nid": "35", "name":"旋转派对", "scenes": [{"scene": 0 , "name": "ห้องมืออาชีพ"},{"scene": 1 , "name": "ห้องมืออาชีพ"}]},
    {"nid": "38", "name":"桑巴嘉年华", "scenes": [{"scene": 0 , "name": "ห้องมืออาชีพ"},{"scene": 1 , "name": "ห้องมืออาชีพ"}]},
    {"nid": "33", "name":"糖果暴富", "scenes": [{"scene": 0 , "name": "ห้องมืออาชีพ"},{"scene": 1 , "name": "ห้องมืออาชีพ"}]},
    {"nid": "34", "name":"钻石矿工", "scenes": [{"scene": 0 , "name": "ห้องมืออาชีพ"},{"scene": 1 , "name": "ห้องมืออาชีพ"}]},
    {"nid": "37", "name":"三倍熊猫", "scenes": [{"scene": 0 , "name": "ห้องมืออาชีพ"},{"scene": 1 , "name": "ห้องมืออาชีพ"}]},
    {"nid": "2", "name":"百草", "scenes":  [{"scene": 0 , "name": "เริ่มต้น"},{"scene": 1 , "name": "ห้องกลาง"},{"scene": 2 , "name": "ห้องขั้นสูง"},{"scene": 3 , "name": "ห้องสุพรีม"}]},
    {"nid": "3", "name":"双骰", "scenes": [{"scene": 0 , "name": "ฮอล์ หลงเยาว์"},{"scene": 1 , "name": "ตำนานฮอลล์"},{"scene": 2 , "name": "ฮอล์ หลงเยาว์ "}]},
    {"nid": "4", "name":"梭哈", "scenes": [{"scene": 0 , "name": "เริ่มต้น"},{"scene": 1 , "name": "ห้องกลาง"},{"scene": 2 , "name": "ห้องขั้นสูง"},{"scene": 3 , "name": "ห้องสุพรีม"}]},
    {"nid": "5", "name":"骰子扑克","scenes": [{"scene": 0 , "name": "ห้องประสบการณ์"},{"scene": 1 , "name": "เริ่มต้น"},{"scene": 2 , "name": "ห้องกลาง"},{"scene": 3 , "name": "ห้องขั้นสูง"},{"scene": 4 , "name": "ห้องสุพรีม"}]},
    {"nid": "50","name":"斗地主", "scenes":  [{"scene": 0 , "name": "เริ่มต้น"},{"scene": 1 , "name": "ห้องกลาง"},{"scene": 2 , "name": "ห้องขั้นสูง"},{"scene": 3 , "name": "ห้องสุพรีม"}]},
    {"nid": "51","name":"渔场大亨", "scenes": [{"scene": 0 , "name": "ฮอล์ หลงเยาว์"}]},
    {"nid": "52","name":"水果机", "scenes": [{"scene": 0 , "name": "ห้องมืออาชีพ"}]},
    {"nid": "53","name":"万人金花", "scenes": [{"scene": 0 , "name": "ฮอล์ หลงเยาว์"},{"scene": 1 , "name": "ตำนานฮอลล์"}]},
    {"nid": "54","name":"麻辣火锅", "scenes": [{"scene": 0 , "name": "ห้องมืออาชีพ"}]},
    {"nid": "58","name":"鱼虾蟹", "scenes": [{"scene": 0 , "name": "ฮอล์ หลงเยาว์"}]},
    {"nid": "7", "name":"猴王传奇", "scenes": [{"scene": 0 , "name": "ห้องมืออาชีพ"}]},
    {"nid": "81","name":"红包扫雷", "scenes": [{"scene": 0 , "name": "อั่งเปา10ซอง"},{"scene": 1 , "name": "อั่งเปา7ซอง"}]},
    {"nid": "82","name":"色碟", "scenes": [{"scene": 0 , "name": "ฮอล์ หลงเยาว์"}]},
    {"nid": "83","name":"猜AB", "scenes": [{"scene": 0 , "name": "เริ่มต้น"},{"scene": 1 , "name": "ห้องกลาง"},{"scene": 2 , "name": "ห้องขั้นสูง"},{"scene": 3 , "name": "ห้องสุพรีม"}]},
    {"nid": "84","name":"拉米纸牌", "scenes":  [{"scene": 0 , "name": "เริ่มต้น"},{"scene": 1 , "name": "ห้องกลาง"},{"scene": 2 , "name": "ห้องขั้นสูง"},{"scene": 3 , "name": "ห้องสุพรีม"}]},
    {"nid": "85","name":"番摊", "scenes": [{"scene": 0 , "name": "ฮอล์ หลงเยาว์"}]},
    {"nid": "8", "name":"百家乐","scenes": [{"scene": 0 , "name": "ฮอล์ หลงเยาว์"},{"scene": 1 , "name": "ตำนานฮอลล์"},{"scene": 2 , "name": "ฮอล์  ศักดิ์ศรี"}]},
    {"nid": "9", "name":"百人牛牛","scenes": [{"scene": 0 , "name": "ฮอล์ หลงเยาว์"},{"scene": 1 , "name": "ตำนานฮอลล์"}]},
    {"nid": "10", "name":"寻宝奇航","scenes": [{"scene": 0 , "name": "ห้องมืออาชีพ"}]},
    {"nid": "41", "name":"五星宏辉","scenes": [{"scene": 0 , "name": "ห้องมืออาชีพ"}]},
    {"nid": "12", "name":"埃及夺宝","scenes": [{"scene": 0 , "name": "ห้องมืออาชีพ"}]},
    {"nid": "13", "name":"二人麻将","scenes":  [{"scene": 0 , "name": "เริ่มต้น"},{"scene": 1 , "name": "ห้องกลาง"},{"scene": 2 , "name": "ห้องขั้นสูง"},{"scene": 3 , "name": "ห้องสุพรีม"}]},
    {"nid": "14", "name":"奔驰宝马","scenes": [{"scene": 0 , "name": "ฮอล์ หลงเยาว์"},{"scene": 1 , "name": "ฮอล์  ศักดิ์ศรี"}]},
    {"nid": "16", "name":"印度三张牌","scenes":  [{"scene": 0 , "name": "เริ่มต้น"},{"scene": 1 , "name": "ห้องกลาง"},{"scene": 2 , "name": "ห้องขั้นสูง"},{"scene": 3 , "name": "ห้องสุพรีม"}]},
    {"nid": "17", "name":"百人21点","scenes": [{"scene": 0 , "name": "ฮอล์ หลงเยาว์"},{"scene": 1 , "name": "ตำนานฮอลล์"},{"scene": 2 , "name": "ฮอล์ ศักดิ์ศรี"}]},
    {"nid": "19", "name":"红黑大战","scenes": [{"scene": 0 , "name": "ฮอล์ หลงเยาว์"},{"scene": 1 , "name": "ตำนานฮอลล์"},{"scene": 2 , "name": "ฮอล์ ศักดิ์ศรี"}]},
    {"nid": "20", "name":"炸金花","scenes": [{"scene": 0 , "name": "เริ่มต้น"},{"scene": 1 , "name": "ห้องกลาง"},{"scene": 2 , "name": "ห้องขั้นสูง"},{"scene": 3 , "name": "ห้องสุพรีม"}]},
    {"nid": "18", "name":"推筒子","scenes": [{"scene": 0 , "name": "เริ่มต้น"},{"scene": 1 , "name": "ห้องกลาง"},{"scene": 2 , "name": "ห้องขั้นสูง"},{"scene": 3 , "name": "ห้องสุพรีม"}]},
    {"nid": "22", "name":"21点","scenes": [{"scene": 0 , "name": "เริ่มต้น"},{"scene": 1 , "name": "ห้องกลาง"},{"scene": 2 , "name": "ห้องขั้นสูง"},{"scene": 3 , "name": "ห้องสุพรีม"}]},
    {"nid": "21", "name":"幸运骰子","scenes":  [{"scene": 0 , "name": "เริ่มต้น"},{"scene": 1 , "name": "ห้องกลาง"},{"scene": 2 , "name": "ห้องขั้นสูง"},{"scene": 3 , "name": "ห้องสุพรีม"}]},
    {"nid": "40", "name":"德州扑克","scenes": [{"scene": 0 , "name": "ขอให้ความเจริญรุ่งเรือง"},{"scene": 1 , "name": "ความอุดมสมบูรณ์ของทอง"},
      {"scene": 2 , "name": "ความมั่งคั่งอุดมสมบูรณ์"},{"scene": 3 , "name": "ร่ำรวยมาก"},{"scene": 4 , "name": "เข้าใจ"},
      {"scene": 5 , "name": "ความเชี่ยวชาญ"},{"scene": 6 , "name": "ผู้เชี่ยวชาญ"},{"scene": 7 , "name": "เทเวศวร์"}]},
    {"nid": "47", "name":"看4张抢庄牛牛","scenes": [{"scene": 0 , "name": "ห้องประสบการณ์"},{"scene": 1 , "name": "เริ่มต้น"},{"scene": 2 , "name": "ห้องกลาง"},{"scene": 3 , "name": "ห้องขั้นสูง"},{"scene": 4 , "name": "ห้องสุพรีม"},{"scene": 5 , "name": "ห้องคิง"}]},
    {"nid": "11", "name":"皇家连环炮","scenes": [{"scene": 0 , "name": "ห้องมืออาชีพ"}]},
    {"nid": "42","name":"龙虎斗","scenes": [{"scene": 0 , "name": "ฮอล์ หลงเยาว์"},{"scene": 1 , "name": "ตำนานฮอลล์"},{"scene": 2 , "name": "ฮอล์  ศักดิ์ศรี"}]},
    {"nid": "43", "name":"骰宝","scenes": [{"scene": 0 , "name": "ตำนานฮอลล์"}]},
    {"nid": "44", "name":"刮刮乐","scenes": [{"scene": 0 , "name": "ห้องมืออาชีพ"}]},
    {"nid": "45", "name":"13水","scenes": [{"scene": 0 , "name": "เริ่มต้น"},{"scene": 1 , "name": "ห้องกลาง"},{"scene": 2 , "name": "ห้องขั้นสูง"},{"scene": 3 , "name": "ห้องสุพรีม"}]},
    {"nid": "46", "name":"三公","scenes": [{"scene": 0 , "name": "เริ่มต้น"},{"scene": 1 , "name": "ห้องกลาง"},{"scene": 2 , "name": "ห้องขั้นสูง"},{"scene": 3 , "name": "ห้องสุพรีม"}]},
    {"nid": "23", "name":"抢庄牛牛","scenes": [{"scene": 0 , "name": "เริ่มต้น"},{"scene": 1 , "name": "ห้องกลาง"},{"scene": 2 , "name": "ห้องขั้นสูง"},{"scene": 3 , "name": "ห้องสุพรีม"}]},
    {"nid": "49", "name":"万人推筒子","scenes": [{"scene": 0 , "name": "ฮอล์ หลงเยาว์"},{"scene": 1 , "name": "ตำนานฮอลล์"}]},
    {"nid": "59", "name":"Crash","scenes": [{"scene": 0 , "name": "ฮอล์ หลงเยาว์"}]},
    {"nid": "60", "name":"CashSlot","scenes": [{"scene": 0 , "name": "ฮอล์ หลงเยาว์"}]},
    {"nid": "39", "name":"caishen","scenes": [{"scene": 0 , "name": "ฮอล์ หลงเยาว์"}]},
    {"nid": "15", "name":"万圣夜","scenes": [{"scene": 0 , "name": "ฮอล์ หลงเยาว์"}]},
    {"nid": "26", "name":"BingoMoney","scenes": [{"scene": 0 , "name": "ฮอล์ หลงเยาว์"}]},
    {"nid": "27", "name":"hl6xc","scenes": [{"scene": 0 , "name": "ฮอล์ หลงเยาว์"}]},
    {"nid": "28", "name":"gems","scenes": [{"scene": 0 , "name": "ฮอล์ หลงเยาว์"}]},
    {"nid": "30", "name":"CandyParty","scenes": [{"scene": 0 ,"name": "ฮอล์ หลงเยาว์"}]},
    {"nid": "25", "name":"抢庄牌九","scenes": [{"scene": 0 , "name": "ห้องประสบการณ์"},{"scene": 1 , "name": "เริ่มต้น"},{"scene": 2 , "name": "ห้องกลาง"},{"scene": 3 , "name": "ห้องขั้นสูง"},{"scene": 4 , "name": "ห้องสุพรีม"}]}
  ],
  "Vietnamese":[
    {"nid": "6", "name":"捕鱼达人", "scenes":[ {"scene": 0 , "name": "Phòng giải\n trí"},{"scene": 1 , "name": "phòng chuyên\n nghiệp"},{"scene": 2 , "name": "phòng \nElite"}]},
    {"nid": "1", "name":"幸运777", "scenes": [{"scene": 0 , "name": "phòng \n chuyên \n nghiệp"},{"scene": 1 , "name": "phòng \n chuyên \n nghiệp"}]},
    {"nid": "29", "name":"冰球突破", "scenes": [{"scene": 0 , "name": "phòng \n chuyên \n nghiệp"},{"scene": 1 , "name": "phòng \n chuyên \n nghiệp"}]},
    {"nid": "31", "name":"金鸡报喜", "scenes": [{"scene": 0 , "name": "phòng \n chuyên \n nghiệp"},{"scene": 1 , "name": "phòng \n chuyên \n nghiệp"}]},
    {"nid": "32", "name":"亡灵之书", "scenes": [{"scene": 0 , "name": "phòng \n chuyên \n nghiệp"},{"scene": 1 , "name": "phòng \n chuyên \n nghiệp"}]},
    {"nid": "35", "name":"旋转派对", "scenes": [{"scene": 0 , "name": "phòng \n chuyên \n nghiệp"},{"scene": 1 , "name": "phòng \n chuyên \n nghiệp"}]},
    {"nid": "37", "name":"三倍熊猫", "scenes": [{"scene": 0 , "name": "phòng \n chuyên \n nghiệp"},{"scene": 1 , "name": "phòng \n chuyên \n nghiệp"}]},
    {"nid": "38", "name":"桑巴嘉年华", "scenes": [{"scene": 0 , "name": "phòng \n chuyên \n nghiệp"},{"scene": 1 , "name": "phòng \n chuyên \n nghiệp"}]},
    {"nid": "33", "name":"糖果暴富", "scenes": [{"scene": 0 , "name": "phòng \n chuyên \n nghiệp"},{"scene": 1 , "name": "phòng \n chuyên \n nghiệp"}]},
    {"nid": "34", "name":"钻石矿工", "scenes": [{"scene": 0 , "name": "phòng \n chuyên \n nghiệp"},{"scene": 1 , "name": "phòng \n chuyên \n nghiệp"}]},
    {"nid": "2", "name":"百草", "scenes": [{"scene": 0 , "name": "Người bắt đầu"},{"scene": 1 , "name": "Phòng trung \ngian"},{"scene": 2 , "name": "Phòng nâng \ncao"},{"scene": 3 , "name": "Phòng tối \ncao"}]},
    {"nid": "3", "name":"双骰", "scenes": [{"scene": 0 , "name": "Sảnh vinh \nquang"},{"scene": 1 , "name": "Sảnh huyền \nthoại"},{"scene": 2 , "name": "sảnh tôn \nhưởng"}]},
    {"nid": "4", "name":"梭哈", "scenes": [{"scene": 0 , "name": "Người bắt đầu"},{"scene": 1 , "name": "Phòng trung \ngian"},{"scene": 2 , "name": "Phòng nâng \ncao"},{"scene": 3 , "name": "Phòng tối \ncao"}]},
    {"nid": "5", "name":"骰子扑克","scenes": [{"scene": 0 , "name": "phòng trải nghiệm"},{"scene": 1 , "name": "Người bắt đầu"},{"scene": 2 , "name": "Phòng trung \ngian"},{"scene": 3 , "name": "Phòng nâng \ncao"},{"scene": 4 , "name": "Phòng tối \ncao"}]},
    {"nid": "50","name":"斗地主", "scenes": [{"scene": 0 , "name": "Người bắt đầu"},{"scene": 1 , "name": "Phòng trung \ngian"},{"scene": 2 , "name": "Phòng nâng \ncao"},{"scene": 3 , "name": "Phòng tối \ncao"}]},
    {"nid": "51","name":"渔场大亨", "scenes": [{"scene": 0 , "name": "Sảnh vinh \nquang"}]},
    {"nid": "52","name":"水果机", "scenes": [{"scene": 0 , "name": "phòng chuyên \nnghiệp"}]},
    {"nid": "53","name":"万人金花", "scenes": [{"scene": 0 , "name": "Sảnh vinh \nquang"},{"scene": 1 , "name": "Sảnh huyền\n thoại"}]},
    {"nid": "54","name":"麻辣火锅", "scenes": [{"scene": 0 , "name": "phòng chuyên \nnghiệp"}]},
    {"nid": "58","name":"鱼虾蟹", "scenes": [{"scene": 0 , "name": "Sảnh vinh \nquang"}]},
    {"nid": "7", "name":"猴王传奇", "scenes": [{"scene": 0 , "name": "phòng chuyên \nnghiệp"}]},
    {"nid": "81","name":"红包扫雷", "scenes": [{"scene": 0 , "name": "10 bao lì xì"},{"scene": 1 , "name": "7 bao lì xì"}]},
    {"nid": "82","name":"色碟", "scenes": [{"scene": 0 , "name": "Sảnh vinh \nquang"}]},
    {"nid": "83","name":"猜AB", "scenes":[{"scene": 0 , "name": "Người bắt đầu"},{"scene": 1 , "name": "Phòng trung \ngian"},{"scene": 2 , "name": "Phòng nâng \ncao"},{"scene": 3 , "name": "Phòng tối \ncao"}]},
    {"nid": "84","name":"拉米纸牌", "scenes": [{"scene": 0 , "name": "Người bắt đầu"},{"scene": 1 , "name": "Phòng trung \ngian"},{"scene": 2 , "name": "Phòng nâng \ncao"},{"scene": 3 , "name": "Phòng tối \ncao"}]},
    {"nid": "85","name":"番摊", "scenes": [{"scene": 0 , "name": "Sảnh vinh \nquang"}]},
    {"nid": "8", "name":"百家乐","scenes": [{"scene": 0 , "name": "Sảnh vinh \nquang"},{"scene": 1 , "name": "Sảnh huyền \nthoại"},{"scene": 2 , "name": "sảnh tôn \nhưởng"}]},
    {"nid": "9", "name":"百人牛牛","scenes": [{"scene": 0 , "name": "Sảnh vinh \nquang"},{"scene": 1 , "name": "Sảnh huyền \nthoại"}]},
    {"nid": "10", "name":"寻宝奇航","scenes": [{"scene": 0 , "name": "phòng chuyên \nnghiệp"}]},
    {"nid": "41", "name":"五星宏辉","scenes": [{"scene": 0 , "name": "phòng chuyên \nnghiệp"}]},
    {"nid": "12", "name":"埃及夺宝","scenes": [{"scene": 0 , "name": "phòng chuyên \nnghiệp"}]},
    {"nid": "13", "name":"二人麻将","scenes": [{"scene": 0 , "name": "Người bắt đầu"},{"scene": 1 , "name": "Phòng trung \ngian"},{"scene": 2 , "name": "Phòng nâng \ncao"},{"scene": 3 , "name": "Phòng tối \ncao"}]},
    {"nid": "14", "name":"奔驰宝马","scenes": [{"scene": 0 , "name": "Sảnh vinh \nquang"},{"scene": 1 , "name": "sảnh tôn \nhưởng"}]},
    {"nid": "16", "name":"印度三张牌","scenes": [{"scene": 0 , "name": "Người bắt đầu"},{"scene": 1 , "name": "Phòng trung \ngian"},{"scene": 2 , "name": "Phòng nâng \ncao"},{"scene": 3 , "name": "Phòng tối \ncao"}]},
    {"nid": "17", "name":"百人21点","scenes": [{"scene": 0 , "name": "Sảnh vinh quang"},{"scene": 1 , "name": "Sảnh huyền \nthoại"},{"scene": 2 , "name": "sảnh tôn \nhưởng"}]},
    {"nid": "19", "name":"红黑大战","scenes": [{"scene": 0 , "name": "Sảnh vinh quang"},{"scene": 1 , "name": "Sảnh huyền \nthoại"},{"scene": 2 , "name": "sảnh tôn \nhưởng"}]},
    {"nid": "20", "name":"炸金花","scenes": [{"scene": 0 , "name": "Người bắt đầu"},{"scene": 1 , "name": "Phòng trung \ngian"},{"scene": 2 , "name": "Phòng nâng \ncao"},{"scene": 3 , "name": "Phòng tối \ncao"}]},
    {"nid": "18", "name":"推筒子","scenes": [{"scene": 0 , "name": "Người bắt đầu"},{"scene": 1 , "name": "Phòng trung \ngian"},{"scene": 2 , "name": "Phòng nâng \ncao"},{"scene": 3 , "name": "Phòng tối \ncao"}]},
    {"nid": "22", "name":"21点","scenes": [{"scene": 0 , "name": "Người bắt đầu"},{"scene": 1 , "name": "Phòng trung \ngian"},{"scene": 2 , "name": "Phòng nâng \ncao"},{"scene": 3 , "name": "Phòng tối \ncao"}]},
    {"nid": "21", "name":"幸运骰子","scenes":[{"scene": 0 , "name": "Người bắt đầu"},{"scene": 1 , "name": "Phòng trung \ngian"},{"scene": 2 , "name": "Phòng nâng \ncao"},{"scene": 3 , "name": "Phòng tối \ncao"}]},
    {"nid": "40", "name":"德州扑克","scenes": [{"scene": 0 , "name": "Chúc thịnh vượng"},{"scene": 1 , "name": "Lượng vàng lớn"},
      {"scene": 2 , "name": "Giàu có"},{"scene": 3 , "name": "Thật giàu có"},{"scene": 4 , "name": "Hiểu"},
      {"scene": 5 , "name": "có tay"},{"scene": 6 , "name": "chủ"},{"scene": 7 , "name": "Vua trên\n cùng"}]},
    {"nid": "47", "name":"看4张抢庄牛牛","scenes": [{"scene": 0 , "name": "phòng trải nghiệm"},{"scene": 1 , "name": "Người bắt đầu"},{"scene": 2 , "name": "Phòng trung \ngian"},{"scene": 3 , "name": "Phòng nâng \ncao"},{"scene": 4 , "name": "Phòng tối \ncao"},{"scene": 5 , "name": "Phòng vua"}]},
    {"nid": "11", "name":"皇家连环炮","scenes": [{"scene": 0 , "name": "phòng chuyên\n nghiệp"}]},
    {"nid": "42","name":"龙虎斗","scenes": [{"scene": 0 , "name": "Sảnh vinh\n quang"},{"scene": 1 , "name": "Sảnh huyền\n thoại"},{"scene": 2 , "name": "sảnh tôn\n hưởng"}]},
    {"nid": "43", "name":"骰宝","scenes": [{"scene": 0 , "name": "Sảnh huyền\n thoại"}]},
    {"nid": "44", "name":"刮刮乐","scenes": [{"scene": 0 , "name": "phòng chuyên\n nghiệp"}]},
    {"nid": "45", "name":"13水","scenes": [{"scene": 0 , "name": "Người bắt đầu"},{"scene": 1 , "name": "Phòng trung \ngian"},{"scene": 2 , "name": "Phòng nâng \ncao"},{"scene": 3 , "name": "Phòng tối \ncao"}]},
    {"nid": "46", "name":"三公","scenes": [{"scene": 0 , "name": "Người bắt đầu"},{"scene": 1 , "name": "Phòng trung \ngian"},{"scene": 2 , "name": "Phòng nâng \ncao"},{"scene": 3 , "name": "Phòng tối \ncao"}]},
    {"nid": "23", "name":"抢庄牛牛","scenes": [{"scene": 0 , "name": "Người bắt đầu"},{"scene": 1 , "name": "Phòng trung \ngian"},{"scene": 2 , "name": "Phòng nâng \ncao"},{"scene": 3 , "name": "Phòng tối \ncao"}]},
    {"nid": "49", "name":"万人推筒子","scenes": [{"scene": 0 , "name": "Sảnh vinh\n quang"},{"scene": 1 , "name": "Sảnh huyền\n thoại"}]},
    {"nid": "59", "name":"Crash","scenes": [{"scene": 0 , "name": "Sảnh vinh\n quang"}]},
    {"nid": "60", "name":"CashSlot","scenes": [{"scene": 0 , "name": "Sảnh vinh\n quang"}]},
    {"nid": "39", "name":"caishen","scenes": [{"scene": 0 , "name": "Sảnh vinh\n quang"}]},
    {"nid": "26", "name":"BingoMoney","scenes": [{"scene": 0 , "name": "Sảnh vinh\n quang"}]},
    {"nid": "27", "name":"hl6xc","scenes": [{"scene": 0 , "name": "Sảnh vinh\n quang"}]},
    {"nid": "28", "name":"gems","scenes": [{"scene": 0 , "name": "Sảnh vinh\n quang"}]},
    {"nid": "30", "name":"CandyParty","scenes": [{"scene": 0 , "name": "Sảnh vinh\n quang"}]},
    {"nid": "25", "name":"抢庄牌九","scenes": [{"scene": 0 , "name": "phòng trải nghiệm"},{"scene": 1 , "name": "Người bắt đầu"},{"scene": 2 , "name": "Phòng trung \ngian"},{"scene": 3 , "name": "Phòng nâng \ncao"},{"scene": 4 , "name": "Phòng tối \ncao"}]}

  ],
  "Portugal":[
    {"nid": "6", "name":"捕鱼达人", "scenes":[ {"scene": 0 , "name": "Sala de \nlazer"},{"scene": 1 , "name": "Sala \n profissional"},{"scene": 2 , "name": "Sala de \nelite"}]},
    {"nid": "1", "name":"幸运777", "scenes": [{"scene": 0 , "name": "Sala \n profissional"},{"scene": 1 , "name": "Sala \n profissional"}]},
    {"nid": "29", "name":"冰球突破", "scenes": [{"scene": 0 , "name": "Sala \n profissional"},{"scene": 1 , "name": "Sala \n profissional"}]},
    {"nid": "31", "name":"金鸡报喜", "scenes": [{"scene": 0 , "name": "Sala \n profissional"},{"scene": 1 , "name": "Sala \n profissional"}]},
    {"nid": "32", "name":"亡灵之书", "scenes": [{"scene": 0 , "name": "Sala \n profissional"},{"scene": 1 , "name": "Sala \n profissional"}]},
    {"nid": "35", "name":"旋转派对", "scenes": [{"scene": 0 , "name": "Sala \n profissional"},{"scene": 1 , "name": "Sala \n profissional"}]},
    {"nid": "38", "name":"桑巴嘉年华", "scenes": [{"scene": 0 , "name": "Sala \n profissional"},{"scene": 1 , "name": "Sala \n profissional"}]},
    {"nid": "33", "name":"糖果暴富", "scenes": [{"scene": 0 , "name": "Sala \n profissional"},{"scene": 1 , "name": "Sala \n profissional"}]},
    {"nid": "34", "name":"钻石矿工", "scenes": [{"scene": 0 , "name": "Sala \n profissional"},{"scene": 1 , "name": "Sala \n profissional"}]},
    {"nid": "37", "name":"三倍熊猫", "scenes": [{"scene": 0 , "name": "Sala \n profissional"},{"scene": 1 , "name": "Sala \n profissional"}]},
    {"nid": "2", "name":"百草", "scenes": [{"scene": 0 , "name": "Sala do \nIniciante"},{"scene": 1 , "name": "Quarto \nintermediário"},{"scene": 2 , "name": "Quarto Avançado"},{"scene": 3 , "name": "Quarto Supremo"}]},
    {"nid": "3", "name":"双骰", "scenes": [{"scene": 0 , "name": "Sala da\n Glória"},{"scene": 1 , "name": "Salão da\n Lenda"},{"scene": 2 , "name": "Sala \nPrestige"}]},
    {"nid": "4", "name":"梭哈", "scenes": [{"scene": 0 , "name": "Sala do \nIniciante"},{"scene": 1 , "name": "Quarto \nintermediário"},{"scene": 2 , "name": "Quarto Avançado"},{"scene": 3 , "name": "Quarto Supremo"}]},
    {"nid": "5", "name":"骰子扑克","scenes": [{"scene": 0 , "name": "sala de \nexperiência"},{"scene": 1 , "name": "Sala do \nIniciante"},{"scene": 2 , "name": "Quarto \nintermediário"},{"scene": 3 , "name": "Quarto \nAvançado"},{"scene": 4 , "name": "Quarto Supremo"}]},
    {"nid": "50","name":"斗地主", "scenes":  [{"scene": 0 , "name": "Sala do \nIniciante"},{"scene": 1 , "name": "Quarto \nintermediário"},{"scene": 2 , "name": "Quarto Avançado"},{"scene": 3 , "name": "Quarto Supremo"}]},
    {"nid": "51","name":"渔场大亨", "scenes": [{"scene": 0 , "name": "Sala da\n Glória"}]},
    {"nid": "52","name":"水果机", "scenes": [{"scene": 0 , "name": "Sala \nprofissional"}]},
    {"nid": "53","name":"万人金花", "scenes": [{"scene": 0 , "name": "Sala da\n Glória"},{"scene": 1 , "name": "Salão da\n Lenda"}]},
    {"nid": "54","name":"麻辣火锅", "scenes": [{"scene": 0 , "name": "Sala \n profissional"}]},
    {"nid": "58","name":"鱼虾蟹", "scenes": [{"scene": 0 , "name": "Sala da\n Glória"}]},
    {"nid": "7", "name":"猴王传奇", "scenes": [{"scene": 0 , "name": "Sala \nprofissional"}]},
    {"nid": "81","name":"红包扫雷", "scenes": [{"scene": 0 , "name": "Dez envelopes \nvermelhos"},{"scene": 1 , "name": "Sete envelopes \nvermelhos"}]},
    {"nid": "82","name":"色碟", "scenes": [{"scene": 0 , "name": "Sala da\n Glória"}]},
    {"nid": "83","name":"猜AB", "scenes": [{"scene": 0 , "name": "Sala do \nIniciante"},{"scene": 1 , "name": "Quarto \nintermediário"},{"scene": 2 , "name": "Quarto Avançado"},{"scene": 3 , "name": "Quarto Supremo"}]},
    {"nid": "84","name":"拉米纸牌", "scenes": [{"scene": 0 , "name": "Sala do \nIniciante"},{"scene": 1 , "name": "Quarto \nintermediário"},{"scene": 2 , "name": "Quarto Avançado"},{"scene": 3 , "name": "Quarto Supremo"}]},
    {"nid": "85","name":"番摊", "scenes": [{"scene": 0 , "name": "Sala da\n Glória"}]},
    {"nid": "8", "name":"百家乐","scenes": [{"scene": 0 , "name": "Sala da \nGlória"},{"scene": 1 , "name": "Salão da\n Lenda"},{"scene": 2 , "name": "Sala \nPrestige"}]},
    {"nid": "9", "name":"百人牛牛","scenes": [{"scene": 0 , "name": "Sala da \nGlória"},{"scene": 1 , "name": "Salão da\n Lenda"}]},
    {"nid": "10", "name":"寻宝奇航","scenes": [{"scene": 0 , "name": "Sala \nprofissional"}]},
    {"nid": "41", "name":"五星宏辉","scenes": [{"scene": 0 , "name": "Sala \nprofissional"}]},
    {"nid": "12", "name":"埃及夺宝","scenes": [{"scene": 0 , "name": "Sala \nprofissional"}]},
    {"nid": "13", "name":"二人麻将","scenes": [{"scene": 0 , "name": "Sala do \nIniciante"},{"scene": 1 , "name": "Quarto \nintermediário"},{"scene": 2 , "name": "Quarto Avançado"},{"scene": 3 , "name": "Quarto Supremo"}]},
    {"nid": "14", "name":"奔驰宝马","scenes": [{"scene": 0 , "name": "Sala da \nGlória"},{"scene": 1 , "name": "Sala \nPrestige"}]},
    {"nid": "16", "name":"印度三张牌","scenes": [{"scene": 0 , "name": "Sala do \nIniciante"},{"scene": 1 , "name": "Quarto \nintermediário"},{"scene": 2 , "name": "Quarto Avançado"},{"scene": 3 , "name": "Quarto Supremo"}]},
    {"nid": "17", "name":"百人21点","scenes": [{"scene": 0 , "name": "Sala da Glória"},{"scene": 1 , "name": "Salão da Lenda"},{"scene": 2 , "name": "Sala Prestige"}]},
    {"nid": "19", "name":"红黑大战","scenes": [{"scene": 0 , "name": "Sala da Glória"},{"scene": 1 , "name": "Salão da Lenda"},{"scene": 2 , "name": "Sala Prestige"}]},
    {"nid": "20", "name":"炸金花","scenes": [{"scene": 0 , "name": "Sala do \nIniciante"},{"scene": 1 , "name": "Quarto \nintermediário"},{"scene": 2 , "name": "Quarto Avançado"},{"scene": 3 , "name": "Quarto Supremo"}]},
    {"nid": "18", "name":"推筒子","scenes": [{"scene": 0 , "name": "Sala do \nIniciante"},{"scene": 1 , "name": "Quarto \nintermediário"},{"scene": 2 , "name": "Quarto Avançado"},{"scene": 3 , "name": "Quarto Supremo"}]},
    {"nid": "22", "name":"21点","scenes": [{"scene": 0 , "name": "Sala do \nIniciante"},{"scene": 1 , "name": "Quarto \nintermediário"},{"scene": 2 , "name": "Quarto Avançado"},{"scene": 3 , "name": "Quarto Supremo"}]},
    {"nid": "21", "name":"幸运骰子","scenes": [{"scene": 0 , "name": "Sala do \nIniciante"},{"scene": 1 , "name": "Quarto \nintermediário"},{"scene": 2 , "name": "Quarto Avançado"},{"scene": 3 , "name": "Quarto Supremo"}]},
    {"nid": "40", "name":"德州扑克","scenes": [{"scene": 0 , "name": "Desejando \nprosperidade"},{"scene": 1 , "name": "Grandes quantidades \n de Ouro"},
      {"scene": 2 , "name": "Riqueza Abundante"},{"scene": 3 , "name": "Fabulosamente \nRico"},{"scene": 4 , "name": "Entenda"},
      {"scene": 5 , "name": "Qualificados"},{"scene": 6 , "name": "Mestre"},{"scene": 7 , "name": "Rei"}]},
    {"nid": "47", "name":"看4张抢庄牛牛","scenes": [{"scene": 0 , "name": "sala de \nexperiência"},{"scene": 1 , "name": "Sala do \nIniciante"},{"scene": 2 , "name": "Quarto \nintermediário"},{"scene": 3 , "name": "Quarto \nAvançado"},{"scene": 4 , "name": "Quarto Supremo"},{"scene": 5 , "name": "Quarto do Rei"}]},
    {"nid": "11", "name":"皇家连环炮","scenes": [{"scene": 0 , "name": "Sala profissional"}]},
    {"nid": "42","name":"龙虎斗","scenes": [{"scene": 0 , "name": "Sala da \nGlória"},{"scene": 1 , "name": "Salão da \nLenda"},{"scene": 2 , "name": "Sala \nPrestige"}]},
    {"nid": "43", "name":"骰宝","scenes": [{"scene": 0 , "name": "Salão da \nLenda"}]},
    {"nid": "44", "name":"刮刮乐","scenes": [{"scene": 0 , "name": "Sala \nprofissional"}]},
    {"nid": "45", "name":"13水","scenes":  [{"scene": 0 , "name": "Sala do \nIniciante"},{"scene": 1 , "name": "Quarto \nintermediário"},{"scene": 2 , "name": "Quarto Avançado"},{"scene": 3 , "name": "Quarto Supremo"}]},
    {"nid": "46", "name":"三公","scenes":  [{"scene": 0 , "name": "Sala do \nIniciante"},{"scene": 1 , "name": "Quarto \nintermediário"},{"scene": 2 , "name": "Quarto Avançado"},{"scene": 3 , "name": "Quarto Supremo"}]},
    {"nid": "23", "name":"抢庄牛牛","scenes":  [{"scene": 0 , "name": "Sala do \nIniciante"},{"scene": 1 , "name": "Quarto \nintermediário"},{"scene": 2 , "name": "Quarto Avançado"},{"scene": 3 , "name": "Quarto Supremo"}]},
    {"nid": "49", "name":"万人推筒子","scenes": [{"scene": 0 , "name": "Sala da Glória"},{"scene": 1 , "name": "Salão da Lenda"}]},
    {"nid": "59", "name":"Crash","scenes": [{"scene": 0 , "name": "Sala da Glória"}]},
    {"nid": "60", "name":"CashSlot","scenes": [{"scene": 0 , "name": "Sala da Glória"}]},
    {"nid": "39", "name":"caishen","scenes": [{"scene": 0 , "name": "Sala da Glória"}]},
    {"nid": "15", "name":"万圣夜","scenes": [{"scene": 0 , "name": "Sala da Glória"}]},
    {"nid": "26", "name":"BingoMoney","scenes": [{"scene": 0 , "name": "Sala da Glória"}]},
    {"nid": "27", "name":"hl6xc","scenes": [{"scene": 0 , "name": "Sala da Glória"}]},
    {"nid": "28", "name":"gems","scenes": [{"scene": 0 , "name": "Sala da Glória"}]},
    {"nid": "30", "name":"CandyParty","scenes": [{"scene": 0 , "name": "Sala da Glória"}]},
    {"nid": "25", "name":"抢庄牌九","scenes": [{"scene": 0 , "name": "sala de \nexperiência"},{"scene": 1 , "name": "Sala do \nIniciante"},{"scene": 2 , "name": "Quarto \nintermediário"},{"scene": 3 , "name": "Quarto \nAvançado"},{"scene": 4 , "name": "Quarto Supremo"}]}

  ],
  "Indonesia":[
    {"nid": "6", "name":"捕鱼达人", "scenes":[ {"scene": 0 , "name": "Ruang \nsantai"},{"scene": 1 , "name": "Ruang \nprofesional"},{"scene": 2 , "name": "Kamar \nelit"}]},
    {"nid": "1", "name":"幸运777", "scenes": [{"scene": 0 , "name": "Ruang \nprofesional"},{"scene": 1 , "name": "Ruang \nprofesional"}]},
    {"nid": "29", "name":"冰球突破", "scenes": [{"scene": 0 , "name": "Ruang \nprofesional"},{"scene": 1 , "name": "Ruang \nprofesional"}]},
    {"nid": "31", "name":"金鸡报喜", "scenes": [{"scene": 0 , "name": "Ruang \nprofesional"},{"scene": 1 , "name": "Ruang \nprofesional"}]},
    {"nid": "32", "name":"亡灵之书", "scenes": [{"scene": 0 , "name": "Ruang \nprofesional"},{"scene": 1 , "name": "Ruang \nprofesional"}]},
    {"nid": "35", "name":"旋转派对", "scenes": [{"scene": 0 , "name": "Ruang \nprofesional"},{"scene": 1 , "name": "Ruang \nprofesional"}]},
    {"nid": "37", "name":"三倍熊猫", "scenes": [{"scene": 0 , "name": "Ruang \nprofesional"},{"scene": 1 , "name": "Ruang \nprofesional"}]},
    {"nid": "38", "name":"桑巴嘉年华", "scenes": [{"scene": 0 , "name": "Ruang \nprofesional"},{"scene": 1 , "name": "Ruang \nprofesional"}]},
    {"nid": "33", "name":"糖果暴富", "scenes": [{"scene": 0 , "name": "Ruang \nprofesional"},{"scene": 1 , "name": "Ruang \nprofesional"}]},
    {"nid": "34", "name":"钻石矿工", "scenes": [{"scene": 0 , "name": "Ruang \nprofesional"},{"scene": 1 , "name": "Ruang \nprofesional"}]},
    {"nid": "2", "name":"百草", "scenes": [{"scene": 0 , "name": "Lobi Glory"},{"scene": 1 , "name": "Lobi Legenda"},{"scene": 2 , "name": "Lobi Prime"}]},
    {"nid": "3", "name":"双骰", "scenes": [{"scene": 0 , "name": "Lobi Glory"},{"scene": 1 , "name": "Lobi Legenda"},{"scene": 2 , "name": "Lobi Prime"}]},
    {"nid": "4", "name":"梭哈", "scenes": [{"scene": 0 , "name": "Kamar \nPemula"},{"scene": 1 , "name": "Kamar \nMenengah"},{"scene": 2 , "name": "Kamar Lanjutan"},{"scene": 3 , "name": "Kamar Tertinggi"}]},
    {"nid": "5", "name":"骰子扑克","scenes": [{"scene": 0 , "name": "ruang \npengalaman"},{"scene": 1 , "name": "Kamar \nPemula"},{"scene": 2 , "name": "Kamar \nMenengah"},{"scene": 3 , "name": "Kamar \nLanjutan"},{"scene": 4 , "name": "Kamar \nTertinggi"}]},
    {"nid": "50","name":"斗地主", "scenes": [{"scene": 0 , "name": "Kamar \nPemula"},{"scene": 1 , "name": "Kamar \nMenengah"},{"scene": 2 , "name": "Kamar Lanjutan"},{"scene": 3 , "name": "Kamar Tertinggi"}]},
    {"nid": "51","name":"渔场大亨", "scenes": [{"scene": 0 , "name": "Lobi Glory"}]},
    {"nid": "52","name":"水果机", "scenes": [{"scene": 0 , "name": "Ruang \nprofesional"}]},
    {"nid": "53","name":"万人金花", "scenes": [{"scene": 0 , "name": "Lobi \nGlory"},{"scene": 1 , "name": "Lobi \nLegenda"}]},
    {"nid": "54","name":"麻辣火锅", "scenes": [{"scene": 0 , "name": "Ruang \nprofesional"}]},
    {"nid": "58","name":"鱼虾蟹", "scenes": [{"scene": 0 , "name": "Lobi Glory"}]},
    {"nid": "7", "name":"猴王传奇", "scenes": [{"scene": 0 , "name": "Ruang \nprofesional"}]},
    {"nid": "81","name":"红包扫雷", "scenes": [{"scene": 0 , "name": "10 ampau"},{"scene": 1 , "name": "7 ampau"}]},
    {"nid": "82","name":"色碟", "scenes": [{"scene": 0 , "name": "Lobi Glory"}]},
    {"nid": "83","name":"猜AB", "scenes": [{"scene": 0 , "name": "Kamar Pemula"},{"scene": 1 , "name": "Kamar Menengah"},{"scene": 2 , "name": "Kamar Lanjutan"},{"scene": 3 , "name": "Kamar Tertinggi"}]},
    {"nid": "84","name":"拉米纸牌", "scenes":[{"scene": 0 , "name": "Kamar \nPemula"},{"scene": 1 , "name": "Kamar \nMenengah"},{"scene": 2 , "name": "Kamar Lanjutan"},{"scene": 3 , "name": "Kamar Tertinggi"}]},
    {"nid": "85","name":"番摊", "scenes": [{"scene": 0 , "name": "Lobi Glory"}]},
    {"nid": "8", "name":"百家乐","scenes": [{"scene": 0 , "name": "Lobi \nGlory"},{"scene": 1 , "name": "Lobi \nLegenda"},{"scene": 2 , "name": "Lobi \nPrime"}]},
    {"nid": "9", "name":"百人牛牛","scenes": [{"scene": 0 , "name": "Lobi \nGlory"},{"scene": 1 , "name": "Lobi \nLegenda"}]},
    {"nid": "10", "name":"寻宝奇航","scenes": [{"scene": 0 , "name": "Ruang \nprofesional"}]},
    {"nid": "41", "name":"五星宏辉","scenes": [{"scene": 0 , "name": "Ruang \nprofesional"}]},
    {"nid": "12", "name":"埃及夺宝","scenes": [{"scene": 0 , "name": "Ruang \nprofesional"}]},
    {"nid": "13", "name":"二人麻将","scenes": [{"scene": 0 , "name": "Kamar \nPemula"},{"scene": 1 , "name": "Kamar \nMenengah"},{"scene": 2 , "name": "Kamar Lanjutan"},{"scene": 3 , "name": "Kamar Tertinggi"}]},
    {"nid": "14", "name":"奔驰宝马","scenes": [{"scene": 0 , "name": "Kamar \nPemula"},{"scene": 1 , "name": "Kamar \nMenengah"},{"scene": 2 , "name": "Kamar Lanjutan"},{"scene": 3 , "name": "Kamar Tertinggi"}]},
    {"nid": "16", "name":"印度三张牌","scenes": [{"scene": 0 , "name": "Kamar \nPemula"},{"scene": 1 , "name": "Kamar \nMenengah"},{"scene": 2 , "name": "Kamar Lanjutan"},{"scene": 3 , "name": "Kamar Tertinggi"}]},
    {"nid": "17", "name":"百人21点","scenes": [{"scene": 0 , "name": "Lobi Glory"},{"scene": 1 , "name": "Lobi Legenda"},{"scene": 2 , "name": "Lobi Prime"}]},
    {"nid": "19", "name":"红黑大战","scenes": [{"scene": 0 , "name": "Lobi Glory"},{"scene": 1 , "name": "Lobi Legenda"},{"scene": 2 , "name": "Lobi Prime"}]},
    {"nid": "20", "name":"炸金花","scenes": [{"scene": 0 , "name": "Kamar \nPemula"},{"scene": 1 , "name": "Kamar \nMenengah"},{"scene": 2 , "name": "Kamar Lanjutan"},{"scene": 3 , "name": "Kamar Tertinggi"}]},
    {"nid": "18", "name":"推筒子","scenes": [{"scene": 0 , "name": "Kamar Pemula"},{"scene": 1 , "name": "Kamar Menengah"},{"scene": 2 , "name": "Kamar Lanjutan"},{"scene": 3 , "name": "Kamar Tertinggi"}]},
    {"nid": "22", "name":"21点","scenes": [{"scene": 0 , "name": "Kamar \nPemula"},{"scene": 1 , "name": "Kamar \nMenengah"},{"scene": 2 , "name": "Kamar Lanjutan"},{"scene": 3 , "name": "Kamar Tertinggi"}]},
    {"nid": "21", "name":"幸运骰子","scenes": [{"scene": 0 , "name": "Kamar \nPemula"},{"scene": 1 , "name": "Kamar \nMenengah"},{"scene": 2 , "name": "Kamar Lanjutan"},{"scene": 3 , "name": "Kamar Tertinggi"}]},
    {"nid": "40", "name":"德州扑克","scenes": [{"scene": 0 , "name": "Berkah"},{"scene": 1 , "name": "Dapat uang \nbanyak sehari"},
      {"scene": 2 , "name": "Berkah dan \nbahagia selalu"},{"scene": 3 , "name": "Kaya sekali"},{"scene": 4 , "name": "Understanding"},
      {"scene": 5 , "name": "Skilled"},{"scene": 6 , "name": "Master"},{"scene": 7 , "name": "Top"}]},
    {"nid": "47", "name":"看4张抢庄牛牛","scenes": [{"scene": 0 , "name": "ruang \npengalaman"},{"scene": 1 , "name": "Kamar \nPemula"},{"scene": 2 , "name": "Kamar \nMenengah"},{"scene": 3 , "name": "Kamar \nLanjutan"},{"scene": 4 , "name": "Kamar \nTertinggi"},{"scene": 5 , "name": "Kamar Raja"}]},
    {"nid": "11", "name":"皇家连环炮","scenes": [{"scene": 0 , "name": "Ruang profesional"}]},
    {"nid": "42","name":"龙虎斗","scenes": [{"scene": 0 , "name": "Lobi \nGlory"},{"scene": 1 , "name": "Lobi \nLegenda"},{"scene": 2 , "name": "Lobi \nPrime"}]},
    {"nid": "43", "name":"骰宝","scenes": [{"scene": 0 , "name": "Lobi \nLegenda"}]},
    {"nid": "44", "name":"刮刮乐","scenes": [{"scene": 0 , "name": "Ruang \nprofesional"}]},
    {"nid": "45", "name":"13水","scenes": [{"scene": 0 , "name": "Kamar \nPemula"},{"scene": 1 , "name": "Kamar \nMenengah"},{"scene": 2 , "name": "Kamar Lanjutan"},{"scene": 3 , "name": "Kamar Tertinggi"}]},
    {"nid": "46", "name":"三公","scenes": [{"scene": 0 , "name": "Kamar \nPemula"},{"scene": 1 , "name": "Kamar \nMenengah"},{"scene": 2 , "name": "Kamar Lanjutan"},{"scene": 3 , "name": "Kamar Tertinggi"}]},
    {"nid": "23", "name":"抢庄牛牛","scenes": [{"scene": 0 , "name": "Kamar \nPemula"},{"scene": 1 , "name": "Kamar \nMenengah"},{"scene": 2 , "name": "Kamar Lanjutan"},{"scene": 3 , "name": "Kamar Tertinggi"}]},
    {"nid": "49", "name":"万人推筒子","scenes": [{"scene": 0 , "name": "Lobi Glory"},{"scene": 1 , "name": "Lobi Legenda"}]},
    {"nid": "59", "name":"Crash","scenes": [{"scene": 0 , "name": "Lobi Glory"}]},
    {"nid": "60", "name":"CashSlot","scenes": [{"scene": 0 , "name": "Lobi Glory"}]},
    {"nid": "39", "name":"caishen","scenes": [{"scene": 0 , "name": "Lobi Glory"}]},
    {"nid": "15", "name":"万圣夜","scenes": [{"scene": 0 , "name": "Lobi Glory"}]},
    {"nid": "26", "name":"BingoMoney","scenes": [{"scene": 0 , "name": "Lobi Glory"}]},
    {"nid": "27", "name":"hl6xc","scenes": [{"scene": 0 , "name": "Lobi Glory"}]},
    {"nid": "28", "name":"gems","scenes": [{"scene": 0 , "name": "Lobi Glory"}]},
    {"nid": "30", "name":"CandyParty","scenes": [{"scene": 0 , "name": "Lobi Glory"}]},
    {"nid": "25", "name":"抢庄牌九","scenes": [{"scene": 0 , "name": "ruang \npengalaman"},{"scene": 1 , "name": "Kamar \nPemula"},{"scene": 2 , "name": "Kamar \nMenengah"},{"scene": 3 , "name": "Kamar \nLanjutan"},{"scene": 4 , "name": "Kamar \nTertinggi"}]}
  ],
  "Malaysia":[
    {"nid": "6", "name":"捕鱼达人", "scenes":[ {"scene": 0 , "name": "Bilik \nriadah"},{"scene": 1 , "name": "Bilik \nprofesional"},{"scene": 2 , "name": "Bilik \nelit"}]},
    {"nid": "1", "name":"幸运777", "scenes": [{"scene": 0 , "name": "Bilik \nprofesional"},{"scene": 1 , "name": "Bilik \nprofesional"}]},
    {"nid": "29", "name":"冰球突破", "scenes": [{"scene": 0 , "name": "Bilik \nprofesional"},{"scene": 1 , "name": "Bilik \nprofesional"}]},
    {"nid": "31", "name":"金鸡报喜", "scenes": [{"scene": 0 , "name": "Bilik \nprofesional"},{"scene": 1 , "name": "Bilik \nprofesional"}]},
    {"nid": "32", "name":"亡灵之书", "scenes": [{"scene": 0 , "name": "Bilik \nprofesional"},{"scene": 1 , "name": "Bilik \nprofesional"}]},
    {"nid": "35", "name":"旋转派对", "scenes": [{"scene": 0 , "name": "Bilik \nprofesional"},{"scene": 1 , "name": "Bilik \nprofesional"}]},
    {"nid": "38", "name":"桑巴嘉年华", "scenes": [{"scene": 0 , "name": "Bilik \nprofesional"},{"scene": 1 , "name": "Bilik \nprofesional"}]},
    {"nid": "33", "name":"糖果暴富", "scenes": [{"scene": 0 , "name": "Bilik \nprofesional"},{"scene": 1 , "name": "Bilik \nprofesional"}]},
    {"nid": "34", "name":"钻石矿工", "scenes": [{"scene": 0 , "name": "Bilik \nprofesional"},{"scene": 1 , "name": "Bilik \nprofesional"}]},
    {"nid": "37", "name":"三倍熊猫", "scenes": [{"scene": 0 , "name": "Bilik \nprofesional"},{"scene": 1 , "name": "Bilik \nprofesional"}]},
    {"nid": "2", "name":"百草", "scenes": [{"scene": 0 , "name": "Bilik \nPermulaan"},{"scene": 1 , "name": "Bilik \nMenengah"},{"scene": 2 , "name": "Bilik \nMaju"},{"scene": 3 , "name": "Bilik \nTertinggi"}]},
    {"nid": "3", "name":"双骰", "scenes": [{"scene": 0 , "name": "Lobi \nGemilang"},{"scene": 1 , "name": "Lobi \nLegasi"},{"scene": 2 , "name": "Lobi \nPerdana"}]},
    {"nid": "4", "name":"梭哈", "scenes":[{"scene": 0 , "name": "Bilik \nPermulaan"},{"scene": 1 , "name": "Bilik \nMenengah"},{"scene": 2 , "name": "Bilik \nMaju"},{"scene": 3 , "name": "Bilik \nTertinggi"}]},
    {"nid": "5", "name":"骰子扑克","scenes": [{"scene": 0 , "name": "bilik \npengalaman"},{"scene": 1 , "name": "Bilik \nPermulaan"},{"scene": 2 , "name": "Bilik \nMenengah"},{"scene": 3 , "name": "Bilik \nMaju"},{"scene": 4 , "name": "Bilik \nTertinggi"}]},
    {"nid": "50","name":"斗地主", "scenes": [{"scene": 0 , "name": "Bilik \nPermulaan"},{"scene": 1 , "name": "Bilik \nMenengah"},{"scene": 2 , "name": "Bilik \nMaju"},{"scene": 3 , "name": "Bilik \nTertinggi"}]},
    {"nid": "51","name":"渔场大亨", "scenes": [{"scene": 0 , "name": "Lobi \nGemilang"}]},
    {"nid": "52","name":"水果机", "scenes": [{"scene": 0 , "name": "Bilik \nprofesional"}]},
    {"nid": "53","name":"万人金花", "scenes": [{"scene": 0 , "name": "Lobi \nGemilang"},{"scene": 1 , "name": "Lobi Legasi"}]},
    {"nid": "54","name":"麻辣火锅", "scenes": [{"scene": 0 , "name": "Bilik \nprofesional"}]},
    {"nid": "58","name":"鱼虾蟹", "scenes": [{"scene": 0 , "name": "Lobi \nGemilang"}]},
    {"nid": "7", "name":"猴王传奇", "scenes": [{"scene": 0 , "name": "Bilik \nprofesional"}]},
    {"nid": "81","name":"红包扫雷", "scenes": [{"scene": 0 , "name": "10 sampul \nmerah"},{"scene": 1 , "name": "7 sampul \nmerah"}]},
    {"nid": "82","name":"色碟", "scenes": [{"scene": 0 , "name": "Lobi \nGemilang"}]},
    {"nid": "83","name":"猜AB", "scenes": [{"scene": 0 , "name": "Bilik \nPermulaan"},{"scene": 1 , "name": "Bilik \nMenengah"},{"scene": 2 , "name": "Bilik \nMaju"},{"scene": 3 , "name": "Bilik \nTertinggi"}]},
    {"nid": "84","name":"拉米纸牌", "scenes":[{"scene": 0 , "name": "Bilik \nPermulaan"},{"scene": 1 , "name": "Bilik \nMenengah"},{"scene": 2 , "name": "Bilik \nMaju"},{"scene": 3 , "name": "Bilik \nTertinggi"}]},
    {"nid": "85","name":"番摊", "scenes": [{"scene": 0 , "name": "Lobi \nGemilang"}]},
    {"nid": "8", "name":"百家乐","scenes": [{"scene": 0 , "name": "Lobi \nGemilang"},{"scene": 1 , "name": "Lobi \nLegasi"},{"scene": 2 , "name": "Lobi \nPerdana"}]},
    {"nid": "9", "name":"百人牛牛","scenes": [{"scene": 0 , "name": "Lobi Gemilang"},{"scene": 1 , "name": "Lobi \nLegasi"}]},
    {"nid": "10", "name":"寻宝奇航","scenes": [{"scene": 0 , "name": "Bilik \nprofesional"}]},
    {"nid": "41", "name":"五星宏辉","scenes": [{"scene": 0 , "name": "Bilik \nprofesional"}]},
    {"nid": "12", "name":"埃及夺宝","scenes": [{"scene": 0 , "name": "Bilik \nprofesional"}]},
    {"nid": "13", "name":"二人麻将","scenes": [{"scene": 0 , "name": "Bilik \nPermulaan"},{"scene": 1 , "name": "Bilik \nMenengah"},{"scene": 2 , "name": "Bilik \nMaju"},{"scene": 3 , "name": "Bilik \nTertinggi"}]},
    {"nid": "14", "name":"奔驰宝马","scenes": [{"scene": 0 , "name": "Lobi \nGemilang"},{"scene": 1 , "name": "Lobi \nPerdana"}]},
    {"nid": "16", "name":"印度三张牌","scenes":[{"scene": 0 , "name": "Bilik \nPermulaan"},{"scene": 1 , "name": "Bilik \nMenengah"},{"scene": 2 , "name": "Bilik \nMaju"},{"scene": 3 , "name": "Bilik \nTertinggi"}]},
    {"nid": "17", "name":"百人21点","scenes": [{"scene": 0 , "name": "Lobi \nGemilang"},{"scene": 1 , "name": "Lobi \nLegasi"},{"scene": 2 , "name": "Lobi \nPerdana"}]},
    {"nid": "19", "name":"红黑大战","scenes": [{"scene": 0 , "name": "Lobi \nGemilang"},{"scene": 1 , "name": "Lobi \nLegasi"},{"scene": 2 , "name": "Lobi \nPerdana"}]},
    {"nid": "20", "name":"炸金花","scenes": [{"scene": 0 , "name": "Bilik \nPermulaan"},{"scene": 1 , "name": "Bilik \nMenengah"},{"scene": 2 , "name": "Bilik \nMaju"},{"scene": 3 , "name": "Bilik \nTertinggi"}]},
    {"nid": "18", "name":"推筒子","scenes": [{"scene": 0 , "name": "Bilik \nPermulaan"},{"scene": 1 , "name": "Bilik \nMenengah"},{"scene": 2 , "name": "Bilik \nMaju"},{"scene": 3 , "name": "Bilik \nTertinggi"}]},
    {"nid": "22", "name":"21点","scenes": [{"scene": 0 , "name": "Bilik \nPermulaan"},{"scene": 1 , "name": "Bilik \nMenengah"},{"scene": 2 , "name": "Bilik \nMaju"},{"scene": 3 , "name": "Bilik \nTertinggi"}]},
    {"nid": "21", "name":"幸运骰子","scenes":[{"scene": 0 , "name": "Bilik \nPermulaan"},{"scene": 1 , "name": "Bilik \nMenengah"},{"scene": 2 , "name": "Bilik \nMaju"},{"scene": 3 , "name": "Bilik \nTertinggi"}]},
    {"nid": "40", "name":"德州扑克","scenes": [{"scene": 0 , "name": "Semoga anda sejahtera"},{"scene": 1 , "name": "Banyak emas"},
      {"scene": 2 , "name": "Kekayaan besar"},{"scene": 3 , "name": "Berkaya sekali"},{"scene": 4 , "name": "Faham"},
      {"scene": 5 , "name": "Pandai sangat"},{"scene": 6 , "name": "Master"},{"scene": 7 , "name": "Raja Top"}]},
    {"nid": "47", "name":"看4张抢庄牛牛","scenes": [{"scene": 0 , "name": "bilik \npengalaman"},{"scene": 1 , "name": "Bilik \nPermulaan"},{"scene": 2 , "name": "Bilik \nMenengah"},{"scene": 3 , "name": "Bilik \nMaju"},{"scene": 4 , "name": "Bilik \nTertinggi"},{"scene": 5 , "name": "Bilik Raja"}]},
    {"nid": "11", "name":"皇家连环炮","scenes": [{"scene": 0 , "name": "Bilik \nprofesional"}]},
    {"nid": "42","name":"龙虎斗","scenes": [{"scene": 0 , "name": "Lobi \nGemilang"},{"scene": 1 , "name": "Lobi \nLegasi"},{"scene": 2 , "name": "Lobi \nPerdana"}]},
    {"nid": "43", "name":"骰宝","scenes": [{"scene": 0 , "name": "Lobi \nLegasi"}]},
    {"nid": "44", "name":"刮刮乐","scenes": [{"scene": 0 , "name": "Bilik \nprofesional"}]},
    {"nid": "45", "name":"13水","scenes": [{"scene": 0 , "name": "Bilik \nPermulaan"},{"scene": 1 , "name": "Bilik \nMenengah"},{"scene": 2 , "name": "Bilik \nMaju"},{"scene": 3 , "name": "Bilik \nTertinggi"}]},
    {"nid": "46", "name":"三公","scenes": [{"scene": 0 , "name": "Bilik \nPermulaan"},{"scene": 1 , "name": "Bilik \nMenengah"},{"scene": 2 , "name": "Bilik \nMaju"},{"scene": 3 , "name": "Bilik \nTertinggi"}]},
    {"nid": "23", "name":"抢庄牛牛","scenes": [{"scene": 0 , "name": "Bilik \nPermulaan"},{"scene": 1 , "name": "Bilik \nMenengah"},{"scene": 2 , "name": "Bilik \nMaju"},{"scene": 3 , "name": "Bilik \nTertinggi"}]},
    {"nid": "49", "name":"万人推筒子","scenes": [{"scene": 0 , "name": "Lobi \nGemilang"},{"scene": 1 , "name": "Lobi \nLegasi"}]},
    {"nid": "59", "name":"Crash","scenes": [{"scene": 0 , "name": "Lobi \nGemilang"}]},
    {"nid": "60", "name":"CashSlot","scenes": [{"scene": 0 , "name": "Lobi \nGemilang"}]},
    {"nid": "39", "name":"caishen","scenes": [{"scene": 0 , "name": "Lobi \nGemilang"}]},
    {"nid": "15", "name":"万圣夜","scenes": [{"scene": 0 , "name": "Lobi \nGemilang"}]},
    {"nid": "26", "name":"BingoMoney","scenes": [{"scene": 0 , "name": "Lobi \nGemilang"}]},
    {"nid": "27", "name":"hl6xc","scenes": [{"scene": 0 , "name": "Lobi \nGemilang"}]},
    {"nid": "28", "name":"gems","scenes": [{"scene": 0 , "name": "Lobi \nGemilang"}]},
    {"nid": "30", "name":"CandyParty","scenes": [{"scene": 0 , "name":  "Lobi \nGemilang"}]},
    {"nid": "25", "name":"抢庄牌九","scenes": [{"scene": 0 , "name": "bilik \npengalaman"},{"scene": 1 , "name": "Bilik \nPermulaan"},{"scene": 2 , "name": "Bilik \nMenengah"},{"scene": 3 , "name": "Bilik \nMaju"},{"scene": 4 , "name": "Bilik \nTertinggi"}]}

  ],
  "Spanish":[
    {"nid": "6", "name":"捕鱼达人", "scenes":[ {"scene": 0 , "name": "sala de ocio"},{"scene": 1 , "name": "Sala profesional"},{"scene": 2 , "name": "habitación élite"}]},
    {"nid": "1", "name":"幸运777", "scenes": [{"scene": 0 , "name": "Sala profesional"},{"scene": 1 , "name": "Sala profesional"}]},
    {"nid": "29", "name":"冰球突破", "scenes": [{"scene": 0 , "name": "Sala profesional"},{"scene": 1 , "name": "Sala profesional"}]},
    {"nid": "31", "name":"金鸡报喜", "scenes": [{"scene": 0 , "name": "Sala profesional"},{"scene": 1 , "name": "Sala profesional"}]},
    {"nid": "32", "name":"亡灵之书", "scenes": [{"scene": 0 , "name": "Sala profesional"},{"scene": 1 , "name": "Sala profesional"}]},
    {"nid": "35", "name":"旋转派对", "scenes": [{"scene": 0 , "name": "Sala profesional"},{"scene": 1 , "name": "Sala profesional"}]},
    {"nid": "38", "name":"桑巴嘉年华", "scenes": [{"scene": 0 , "name": "Sala profesional"},{"scene": 1 , "name": "Sala profesional"}]},
    {"nid": "33", "name":"糖果暴富", "scenes": [{"scene": 0 , "name": "Sala profesional"},{"scene": 1 , "name": "Sala profesional"}]},
    {"nid": "34", "name":"钻石矿工", "scenes": [{"scene": 0 , "name": "Sala profesional"},{"scene": 1 , "name": "Sala profesional"}]},
    {"nid": "37", "name":"三倍熊猫", "scenes": [{"scene": 0 , "name": "Sala profesional"},{"scene": 1 , "name": "Sala profesional"}]},
    {"nid": "2", "name":"百草", "scenes": [{"scene": 0 , "name": "Habitación para \nprincipiantes"},{"scene": 1 , "name": "Habitación \nIntermedia"},{"scene": 2 , "name": "Habitación \nAvanzada"},{"scene": 3 , "name": "Habitación Suprema"}]},
    {"nid": "3", "name":"双骰", "scenes": [{"scene": 0 , "name": "Vestíbulo de gloria"},{"scene": 1 , "name": "Vestíbulo de leyenda"},{"scene": 2 , "name": "Vestíbulo principal"}]},
    {"nid": "4", "name":"梭哈", "scenes": [{"scene": 0 , "name": "Habitación para \nprincipiantes"},{"scene": 1 , "name": "Habitación \nIntermedia"},{"scene": 2 , "name": "Habitación \nAvanzada"},{"scene": 3 , "name": "Habitación Suprema"}]},
    {"nid": "5", "name":"骰子扑克","scenes": [{"scene": 0 , "name": "sala de \nexperiencia"},{"scene": 1 , "name": "Habitación para \nprincipiantes"},{"scene": 2 , "name": "Habitación \nIntermedia"},{"scene": 3 , "name": "Habitación \nAvanzada"},{"scene": 4 , "name": "Habitación Suprema"}]},
    {"nid": "50","name":"斗地主", "scenes": [{"scene": 0 , "name": "Habitación para \nprincipiantes"},{"scene": 1 , "name": "Habitación \nIntermedia"},{"scene": 2 , "name": "Habitación \nAvanzada"},{"scene": 3 , "name": "Habitación Suprema"}]},
    {"nid": "51","name":"渔场大亨", "scenes": [{"scene": 0 , "name": "Vestíbulo de gloria"}]},
    {"nid": "52","name":"水果机", "scenes": [{"scene": 0 , "name": "Sala profesional"}]},
    {"nid": "53","name":"万人金花", "scenes": [{"scene": 0 , "name": "Vestíbulo de gloria"},{"scene": 1 , "name": "Vestíbulo de leyenda"}]},
    {"nid": "54","name":"麻辣火锅", "scenes": [{"scene": 0 , "name": "Sala profesional"}]},
    {"nid": "58","name":"鱼虾蟹", "scenes": [{"scene": 0 , "name": "Vestíbulo de gloria"}]},
    {"nid": "7", "name":"猴王传奇", "scenes": [{"scene": 0 , "name": "Sala profesional"}]},
    {"nid": "18", "name":"推筒子", "scenes": [{"scene": 0 , "name": "Habitación para \nprincipiantes"},{"scene": 1 , "name": "Habitación \nIntermedia"},{"scene": 2 , "name": "Habitación \nAvanzada"},{"scene": 3 , "name": "Habitación Suprema"}]},
    {"nid": "81","name":"红包扫雷", "scenes": [{"scene": 0 , "name": "10 sobres rojos x1"},{"scene": 1 , "name": "7 sobres rojos x1.5"}]},
    {"nid": "82","name":"色碟", "scenes": [{"scene": 0 , "name": "Vestíbulo de gloria"}]},
    {"nid": "83","name":"猜AB", "scenes": [{"scene": 0 , "name": "Habitación para \nprincipiantes"},{"scene": 1 , "name": "Habitación \nIntermedia"},{"scene": 2 , "name": "Habitación \nAvanzada"},{"scene": 3 , "name": "Habitación Suprema"}]},
    {"nid": "84","name":"拉米纸牌", "scenes": [{"scene": 0 , "name": "Habitación para \nprincipiantes"},{"scene": 1 , "name": "Habitación \nIntermedia"},{"scene": 2 , "name": "Habitación \nAvanzada"},{"scene": 3 , "name": "Habitación Suprema"}]},
    {"nid": "85","name":"番摊", "scenes": [{"scene": 0 , "name": "Vestíbulo de gloria"}]},
    {"nid": "8", "name":"百家乐","scenes": [{"scene": 0 , "name": "Vestíbulo de gloria"},{"scene": 1 , "name": "Vestíbulo de leyenda"},{"scene": 2 , "name": "Vestíbulo principal"}]},
    {"nid": "9", "name":"百人牛牛","scenes": [{"scene": 0 , "name": "Vestíbulo de gloria"},{"scene": 1 , "name": "Vestíbulo de leyenda"}]},
    {"nid": "10", "name":"寻宝奇航","scenes": [{"scene": 0 , "name": "Sala profesional"}]},
    {"nid": "41", "name":"五星宏辉","scenes": [{"scene": 0 , "name": "Sala profesional"}]},
    {"nid": "12", "name":"埃及夺宝","scenes": [{"scene": 0 , "name": "Sala profesional"}]},
    {"nid": "13", "name":"二人麻将","scenes":[{"scene": 0 , "name": "Habitación para \nprincipiantes"},{"scene": 1 , "name": "Habitación \nIntermedia"},{"scene": 2 , "name": "Habitación \nAvanzada"},{"scene": 3 , "name": "Habitación Suprema"}]},
    {"nid": "14", "name":"奔驰宝马","scenes": [{"scene": 0 , "name": "Vestíbulo de gloria"},{"scene": 1 , "name": "Vestíbulo principal"}]},
    {"nid": "16", "name":"印度三张牌","scenes": [{"scene": 0 , "name": "Habitación para \nprincipiantes"},{"scene": 1 , "name": "Habitación \nIntermedia"},{"scene": 2 , "name": "Habitación \nAvanzada"},{"scene": 3 , "name": "Habitación Suprema"}]},
    {"nid": "17", "name":"百人21点","scenes": [{"scene": 0 , "name": "Vestíbulo de gloria"},{"scene": 1 , "name": "Vestíbulo de leyenda"},{"scene": 2 , "name": "Vestíbulo principal"}]},
    {"nid": "22", "name":"21点","scenes": [{"scene": 0 , "name": "Habitación para \nprincipiantes"},{"scene": 1 , "name": "Habitación \nIntermedia"},{"scene": 2 , "name": "Habitación \nAvanzada"},{"scene": 3 , "name": "Habitación Suprema"}]},
    {"nid": "19", "name":"红黑大战","scenes": [{"scene": 0 , "name": "Vestíbulo de gloria"},{"scene": 1 , "name": "Vestíbulo de leyenda"},{"scene": 2 , "name": "Vestíbulo principal"}]},
    {"nid": "20", "name":"炸金花","scenes": [{"scene": 0 , "name": "Habitación para \nprincipiantes"},{"scene": 1 , "name": "Habitación \nIntermedia"},{"scene": 2 , "name": "Habitación \nAvanzada"},{"scene": 3 , "name": "Habitación Suprema"}]},
    {"nid": "21", "name":"幸运骰子","scenes": [{"scene": 0 , "name": "Habitación para \nprincipiantes"},{"scene": 1 , "name": "Habitación \nIntermedia"},{"scene": 2 , "name": "Habitación \nAvanzada"},{"scene": 3 , "name": "Habitación Suprema"}]},
    {"nid": "40", "name":"德州扑克","scenes": [{"scene": 0 , "name": "deseando prosperidad"},{"scene": 1 , "name": "Grandes cantidades de oro"},
      {"scene": 2 , "name": "riqueza abundante"},{"scene": 3 , "name": "fabulosamente rico"},{"scene": 4 , "name": "Comprensión"},
      {"scene": 5 , "name": "Experto"},{"scene": 6 , "name": "Maestría"},{"scene": 7 , "name": "Rey superior"}]},
    {"nid": "47", "name":"看4张抢庄牛牛","scenes": [{"scene": 0 , "name": "sala de \nexperiencia"},{"scene": 1 , "name": "Habitación para \nprincipiantes"},{"scene": 2 , "name": "Habitación \nIntermedia"},{"scene": 3 , "name": "Habitación \nAvanzada"},{"scene": 4 , "name": "Habitación Suprema"},{"scene": 5 , "name": "Habitación del Rey"}]},
    {"nid": "11", "name":"皇家连环炮","scenes": [{"scene": 0 , "name": "Sala profesional"}]},
    {"nid": "42","name":"龙虎斗","scenes": [{"scene": 0 , "name": "Vestíbulo de gloria"},{"scene": 1 , "name": "Vestíbulo de leyenda"},{"scene": 2 , "name": "Vestíbulo principal"}]},
    {"nid": "43", "name":"骰宝","scenes": [{"scene": 0 , "name": "Vestíbulo de leyenda"}]},
    {"nid": "44", "name":"刮刮乐","scenes": [{"scene": 0 , "name": "Sala profesional"}]},
    {"nid": "45", "name":"13水","scenes":[{"scene": 0 , "name": "Habitación para \nprincipiantes"},{"scene": 1 , "name": "Habitación \nIntermedia"},{"scene": 2 , "name": "Habitación \nAvanzada"},{"scene": 3 , "name": "Habitación Suprema"}]},
    {"nid": "46", "name":"三公","scenes":[{"scene": 0 , "name": "Habitación para \nprincipiantes"},{"scene": 1 , "name": "Habitación \nIntermedia"},{"scene": 2 , "name": "Habitación \nAvanzada"},{"scene": 3 , "name": "Habitación Suprema"}]},
    {"nid": "23", "name":"抢庄牛牛","scenes":[{"scene": 0 , "name": "Habitación para \nprincipiantes"},{"scene": 1 , "name": "Habitación \nIntermedia"},{"scene": 2 , "name": "Habitación \nAvanzada"},{"scene": 3 , "name": "Habitación Suprema"}]},
    {"nid": "49", "name":"万人推筒子","scenes": [{"scene": 0 , "name": "Vestíbulo de gloria"},{"scene": 1 , "name": "Vestíbulo de leyenda"}]},
    {"nid": "59", "name":"Crash","scenes": [{"scene": 0 , "name": "Vestíbulo de gloria"}]},
    {"nid": "60", "name":"CashSlot","scenes": [{"scene": 0 , "name": "Vestíbulo de gloria"}]},
    {"nid": "39", "name":"caishen","scenes": [{"scene": 0 , "name": "Vestíbulo de gloria"}]},
    {"nid": "15", "name":"万圣夜","scenes": [{"scene": 0 , "name": "Vestíbulo de gloria"}]},
    {"nid": "26", "name":"BingoMoney","scenes": [{"scene": 0 , "name": "Vestíbulo de gloria"}]},
    {"nid": "27", "name":"hl6xc","scenes": [{"scene": 0 , "name": "Vestíbulo de gloria"}]},
    {"nid": "28", "name":"gems","scenes": [{"scene": 0 , "name": "Vestíbulo de gloria"}]},
    {"nid": "30", "name":"CandyParty","scenes": [{"scene": 0 , "name": "Vestíbulo de gloria"}]},
    {"nid": "25", "name":"抢庄牌九","scenes": [{"scene": 0 , "name": "sala de \nexperiencia"},{"scene": 1 , "name": "Habitación para \nprincipiantes"},{"scene": 2 , "name": "Habitación \nIntermedia"},{"scene": 3 , "name": "Habitación \nAvanzada"},{"scene": 4 , "name": "Habitación Suprema"}]}

  ],
  "Hindi":[
    {"nid": "6", "name":"捕鱼达人", "scenes":[ {"scene": 0 , "name": "अवकाश कक्ष"},{"scene": 1 , "name": "पेशेवर कमराष"},{"scene": 2 , "name": "कुलीन कमरा"}]},
    {"nid": "1", "name":"幸运777", "scenes": [{"scene": 0 , "name": "पेशेवर कमराष"},{"scene": 1 , "name": "पेशेवर कमराष"}]},
    {"nid": "29", "name":"冰球突破", "scenes": [{"scene": 0 , "name": "पेशेवर कमराष"},{"scene": 1 , "name": "पेशेवर कमराष"}]},
    {"nid": "31", "name":"金鸡报喜", "scenes": [{"scene": 0 , "name": "पेशेवर कमराष"},{"scene": 1 , "name": "पेशेवर कमराष"}]},
    {"nid": "32", "name":"亡灵之书", "scenes": [{"scene": 0 , "name": "पेशेवर कमराष"},{"scene": 1 , "name": "पेशेवर कमराष"}]},
    {"nid": "35", "name":"旋转派对", "scenes": [{"scene": 0 , "name": "पेशेवर कमराष"},{"scene": 1 , "name": "पेशेवर कमराष"}]},
    {"nid": "38", "name":"桑巴嘉年华", "scenes": [{"scene": 0 , "name": "पेशेवर कमराष"},{"scene": 1 , "name": "पेशेवर कमराष"}]},
    {"nid": "33", "name":"糖果暴富", "scenes": [{"scene": 0 , "name": "पेशेवर कमराष"},{"scene": 1 , "name": "पेशेवर कमराष"}]},
    {"nid": "34", "name":"钻石矿工", "scenes": [{"scene": 0 , "name": "पेशेवर कमराष"},{"scene": 1 , "name": "पेशेवर कमराष"}]},
    {"nid": "37", "name":"三倍熊猫", "scenes": [{"scene": 0 , "name": "पेशेवर कमराष"},{"scene": 1 , "name": "पेशेवर कमराष"}]},
    {"nid": "2", "name":"百草", "scenes":  [{"scene": 0 , "name": "शुरुआती कमरा"},{"scene": 1 , "name": "मध्यवर्ती कक्ष"},{"scene": 2 , "name": "उन्नत कक्ष"},{"scene": 3 , "name": "सुप्रीम रूम"}]},
    {"nid": "3", "name":"双骰", "scenes": [{"scene": 0 , "name": "ग्लोरी लॉबीकुलीन कमरा"},{"scene": 1 , "name": "लीजेंड लॉबी"},{"scene": 2 , "name": "प्राइम लॉबी"}]},
    {"nid": "4", "name":"梭哈", "scenes": [{"scene": 0 , "name": "शुरुआती कमरा"},{"scene": 1 , "name": "मध्यवर्ती कक्ष"},{"scene": 2 , "name": "उन्नत कक्ष"},{"scene": 3 , "name": "सुप्रीम रूम"}]},
    {"nid": "5", "name":"骰子扑克","scenes": [{"scene": 0 , "name": "अनुभव कक्ष"},{"scene": 1 , "name": "शुरुआती कमरा"},{"scene": 2 , "name": "मध्यवर्ती कक्ष"},{"scene": 3 , "name": "उन्नत कक्ष"},{"scene": 4 , "name": "सुप्रीम रूम"}]},
    {"nid": "50","name":"斗地主", "scenes": [{"scene": 0 , "name": "शुरुआती कमरा"},{"scene": 1 , "name": "मध्यवर्ती कक्ष"},{"scene": 2 , "name": "उन्नत कक्ष"},{"scene": 3 , "name": "सुप्रीम रूम"}]},
    {"nid": "51","name":"渔场大亨", "scenes": [{"scene": 0 , "name": "ग्लोरी लॉबीकुलीन कमरा"}]},
    {"nid": "52","name":"水果机", "scenes": [{"scene": 0 , "name": "पेशेवर कमराष"}]},
    {"nid": "53","name":"万人金花", "scenes": [{"scene": 0 , "name": "ग्लोरी लॉबीकुलीन कमरा"},{"scene": 1 , "name": "लीजेंड लॉबी"}]},
    {"nid": "54","name":"麻辣火锅", "scenes": [{"scene": 0 , "name": "पेशेवर कमराष"}]},
    {"nid": "58","name":"鱼虾蟹", "scenes": [{"scene": 0 , "name": "ग्लोरी लॉबीकुलीन कमरा"}]},
    {"nid": "7", "name":"猴王传奇", "scenes": [{"scene": 0 , "name": "पेशेवर कमराष"}]},
    {"nid": "18", "name":"推筒子", "scenes": [{"scene": 0 , "name": "शुरुआती कमरा"},{"scene": 1 , "name": "मध्यवर्ती कक्ष"},{"scene": 2 , "name": "उन्नत कक्ष"},{"scene": 3 , "name": "सुप्रीम रूम"}]},
    {"nid": "81","name":"红包扫雷", "scenes": [{"scene": 0 , "name": "10 लाल लिफाफा"},{"scene": 1 , "name": "7 लाल लिफाफा"}]},
    {"nid": "82","name":"色碟", "scenes": [{"scene": 0 , "name": "पग्लोरी लॉबीकुलीन कमरा"}]},
    {"nid": "83","name":"猜AB", "scenes":  [{"scene": 0 , "name": "शुरुआती कमरा"},{"scene": 1 , "name": "मध्यवर्ती कक्ष"},{"scene": 2 , "name": "उन्नत कक्ष"},{"scene": 3 , "name": "सुप्रीम रूम"}]},
    {"nid": "84","name":"拉米纸牌", "scenes":  [{"scene": 0 , "name": "शुरुआती कमरा"},{"scene": 1 , "name": "मध्यवर्ती कक्ष"},{"scene": 2 , "name": "उन्नत कक्ष"},{"scene": 3 , "name": "सुप्रीम रूम"}]},
    {"nid": "85","name":"番摊", "scenes": [{"scene": 0 , "name": "ग्लोरी लॉबीकुलीन कमरा"}]},
    {"nid": "8", "name":"百家乐","scenes": [{"scene": 0 , "name": "ग्लोरी लॉबीकुलीन कमरा"},{"scene": 1 , "name": "लीजेंड लॉबी"},{"scene": 2 , "name": "प्राइम लॉबी"}]},
    {"nid": "9", "name":"百人牛牛","scenes": [{"scene": 0 , "name": "ग्लोरी लॉबीकुलीन कमरा"},{"scene": 1 , "name": "लीजेंड लॉबी"}]},
    {"nid": "10", "name":"寻宝奇航","scenes": [{"scene": 0 , "name": "पेशेवर कमराष"}]},
    {"nid": "41", "name":"五星宏辉","scenes": [{"scene": 0 , "name": "पेशेवर कमराष"}]},
    {"nid": "12", "name":"埃及夺宝","scenes": [{"scene": 0 , "name": "पेशेवर कमराष"}]},
    {"nid": "13", "name":"二人麻将","scenes":  [{"scene": 0 , "name": "शुरुआती कमरा"},{"scene": 1 , "name": "मध्यवर्ती कक्ष"},{"scene": 2 , "name": "उन्नत कक्ष"},{"scene": 3 , "name": "सुप्रीम रूम"}]},
    {"nid": "14", "name":"奔驰宝马","scenes": [{"scene": 0 , "name": "ग्लोरी लॉबीकुलीन कमरा"},{"scene": 1 , "name": "प्राइम लॉबी"}]},
    {"nid": "15", "name":"比牌牛牛","scenes": [{"scene": 0 , "name": "ग्लोरी लॉबीकुलीन कमरा"},{"scene": 1 , "name": "लीजेंड लॉबी"},{"scene": 2 , "name": "प्राइम लॉबी"},{"scene": 3 , "name": "सुप्रीम रूम"}]},
    {"nid": "16", "name":"印度三张牌","scenes": [{"scene": 0 , "name": "1पूर्व"},{"scene": 1 , "name": "5पूर्व"},{"scene": 2 , "name": "10पूर्व"},{"scene": 3 , "name": "20पूर्व"}]},
    {"nid": "17", "name":"百人21点","scenes": [{"scene": 0 , "name": "ग्लोरी लॉबीकुलीन कमरा"},{"scene": 1 , "name": "लीजेंड लॉबी"},{"scene": 2 , "name": "प्राइम लॉबी"}]},
    {"nid": "22", "name":"21点","scenes": [{"scene": 0 , "name": "शुरुआती कमरा"},{"scene": 1 , "name": "मध्यवर्ती कक्ष"},{"scene": 2 , "name": "उन्नत कक्ष"},{"scene": 3 , "name": "सुप्रीम रूम"}]},
    {"nid": "19", "name":"红黑大战","scenes": [{"scene": 0 , "name": "ग्लोरी लॉबीकुलीन कमरा"},{"scene": 1 , "name": "लीजेंड लॉबी"},{"scene": 2 , "name": "प्राइम लॉबी"}]},
    {"nid": "20", "name":"炸金花","scenes": [{"scene": 0 , "name": "शुरुआती कमरा"},{"scene": 1 , "name": "मध्यवर्ती कक्ष"},{"scene": 2 , "name": "उन्नत कक्ष"},{"scene": 3 , "name": "सुप्रीम रूम"}]},
    {"nid": "21", "name":"幸运骰子","scenes":  [{"scene": 0 , "name": "शुरुआती कमरा"},{"scene": 1 , "name": "मध्यवर्ती कक्ष"},{"scene": 2 , "name": "उन्नत कक्ष"},{"scene": 3 , "name": "सुप्रीम रूम"}]},
    {"nid": "40", "name":"德州扑克","scenes": [{"scene": 0 , "name": "समृद्धि की कामना"},{"scene": 1 , "name": "बड़ी मात्रा \nमें सोना"},
      {"scene": 2 , "name": "प्रचुर मात्रा में धन"},{"scene": 3 , "name": "शानदार अमीर"},{"scene": 4 , "name": "समझ"},
      {"scene": 5 , "name": "कुशल"},{"scene": 6 , "name": "गुरुजी"},{"scene": 7 , "name": "शीर्ष राजा"}]},
    {"nid": "47", "name":"看4张抢庄牛牛","scenes": [{"scene": 0 , "name": "अनुभव कक्ष"},{"scene": 1 , "name": "शुरुआती कमरा"},{"scene": 2 , "name": "मध्यवर्ती कक्ष"},{"scene": 3 , "name": "उन्नत कक्ष"},{"scene": 4 , "name": "सुप्रीम रूम"},{"scene": 5 , "name": "राजा का कमरा"}]},
    {"nid": "11", "name":"皇家连环炮","scenes": [{"scene": 0 , "name": "पेशेवर कमराष"}]},
    {"nid": "42","name":"龙虎斗","scenes": [{"scene": 0 , "name": "ग्लोरी लॉबीकुलीन कमरा"},{"scene": 1 , "name": "लीजेंड लॉबी"},{"scene": 2 , "name": "प्राइम लॉबी"}]},
    {"nid": "43", "name":"骰宝","scenes": [{"scene": 0 , "name": "लीजेंड लॉबी"}]},
    {"nid": "44", "name":"刮刮乐","scenes": [{"scene": 0 , "name": "पेशेवर कमराष"}]},
    {"nid": "45", "name":"13水","scenes":  [{"scene": 0 , "name": "शुरुआती कमरा"},{"scene": 1 , "name": "मध्यवर्ती कक्ष"},{"scene": 2 , "name": "उन्नत कक्ष"},{"scene": 3 , "name": "सुप्रीम रूम"}]},
    {"nid": "46", "name":"三公","scenes": [{"scene": 0 , "name": "शुरुआती कमरा"},{"scene": 1 , "name": "मध्यवर्ती कक्ष"},{"scene": 2 , "name": "उन्नत कक्ष"},{"scene": 3 , "name": "सुप्रीम रूम"}]},
    {"nid": "23", "name":"抢庄牛牛","scenes": [{"scene": 0 , "name": "शुरुआती कमरा"},{"scene": 1 , "name": "मध्यवर्ती कक्ष"},{"scene": 2 , "name": "उन्नत कक्ष"},{"scene": 3 , "name": "सुप्रीम रूम"}]},
    {"nid": "49", "name":"万人推筒子","scenes": [{"scene": 0 , "name": "ग्लोरी लॉबीकुलीन कमरा"},{"scene": 1 , "name": "लीजेंड लॉबी"}]},
    {"nid": "59", "name":"Crash","scenes": [{"scene": 0 , "name": "ग्लोरी लॉबीकुलीन कमरा"}]},
    {"nid": "60", "name":"CashSlot","scenes": [{"scene": 0 , "name": "ग्लोरी लॉबीकुलीन कमरा"}]},
    {"nid": "39", "name":"caishen","scenes": [{"scene": 0 , "name": "ग्लोरी लॉबीकुलीन कमरा"}]},
    {"nid": "15", "name":"万圣夜","scenes": [{"scene": 0 , "name": "ग्लोरी लॉबीकुलीन कमरा"}]},
    {"nid": "26", "name":"BingoMoney","scenes": [{"scene": 0 , "name": "ग्लोरी लॉबीकुलीन कमरा"}]},
    {"nid": "27", "name":"hl6xc","scenes": [{"scene": 0 , "name": "ग्लोरी लॉबीकुलीन कमरा"}]},
    {"nid": "28", "name":"gems","scenes": [{"scene": 0 , "name": "ग्लोरी लॉबीकुलीन कमरा"}]},
    {"nid": "30", "name":"CandyParty","scenes": [{"scene": 0 , "name": "ग्लोरी लॉबीकुलीन कमरा"}]},
    {"nid": "25", "name":"抢庄牌九","scenes": [{"scene": 0 , "name": "अनुभव कक्ष"},{"scene": 1 , "name": "शुरुआती कमरा"},{"scene": 2 , "name": "मध्यवर्ती कक्ष"},{"scene": 3 , "name": "उन्नत कक्ष"},{"scene": 4 , "name": "सुप्रीम रूम"}]}

  ]
}



