[
  {
    "nid": "1",
    "sort": 1,
    "name": "slots777",
    "zname": "幸运777",
    "serverName": "slots777",
    "whetherToShowScene": true,
    "whetherToShowRoom": false,
    "whetherToShowGamingInfo": false,
    "roomUserLimit": 100,
    "roomCount": 1,
    "opened": true
  },
  {
    "nid": "2",
    "sort": 1,
    "name": "baicao",
    "zname": "百草",
    "serverName": "baicao",
    "whetherToShowScene": true,
    "whetherToShowGamingInfo": false,
    "whetherToShowRoom": false,
    "roomUserLimit": 6,
    "opened": true,
    "roomCount": 5
  },
  {
    "nid": "3",
    "sort": 1,
    "name": "7up7down",
    "zname": "双骰",
    "serverName": "7up7down",
    "whetherToShowScene": true,
    "whetherToShowGamingInfo": true,
    "whetherToShowRoom": false,
    "roomUserLimit": 100,
    "opened": true,
    "roomCount": 1,
    "kind": 5
  },
  {
    "nid": "4",
    "sort": 1,
    "name": "FiveCardStud",
    "zname": "梭哈",
    "serverName": "FiveCardStud",
    "whetherToShowScene": true,
    "whetherToShowGamingInfo": false,
    "whetherToShowRoom": false,
    "roomUserLimit": 5,
    "opened": true,
    "roomCount": 5
  },
  {
    "nid": "5",
    "sort": 1,
    "name": "DicePoker",
    "zname": "骰子扑克",
    "serverName": "DicePoker",
    "whetherToShowScene": true,
    "whetherToShowGamingInfo": false,
    "whetherToShowRoom": false,
    "roomUserLimit": 2,
    "opened": true,
    "roomCount": 5
  },
  {
    "nid": "6",
    "sort": 5,
    "name": "buyu",
    "zname": "捕鱼达人",
    "serverName": "buyu",
    "whetherToShowScene": true,
    "whetherToShowGamingInfo": false,
    "whetherToShowRoom": false,
    "roomUserLimit": 4,
    "opened": true,
    "roomCount": 1
  },
  {
    "nid": "7",
    "sort": 6,
    "name": "xiyouji",
    "zname": "猴王传奇",
    "serverName": "xiyouji",
    "whetherToShowScene": true,
    "whetherToShowRoom": false,
    "whetherToShowGamingInfo": false,
    "roomUserLimit": 100,
    "opened": true,
    "roomCount": 1
  },
  {
    "nid": "8",
    "sort": 7,
    "name": "baijia",
    "zname": "百家乐",
    "serverName": "baijia",
    "whetherToShowScene": true,
    "whetherToShowRoom": false,
    "whetherToShowGamingInfo": true,
    "roomUserLimit": 100,
    "opened": true,
    "roomCount": 1,
    "kind": 5
  },
  {
    "nid": "9",
    "sort": 8,
    "name": "bairen",
    "zname": "百人牛牛",
    "serverName": "bairen",
    "whetherToShowScene": true,
    "whetherToShowRoom": false,
    "whetherToShowGamingInfo": true,
    "roomUserLimit": 100,
    "opened": true,
    "roomCount": 2,
    "kind": 5
  },
  {
    "nid": "10",
    "sort": 9,
    "name": "pirate",
    "zname": "寻宝奇航",
    "serverName": "pirate",
    "whetherToShowScene": true,
    "whetherToShowRoom": false,
    "whetherToShowGamingInfo": false,
    "roomUserLimit": 100,
    "opened": true,
    "roomCount": 1
  },
  {
    "nid": "11",
    "sort": 10,
    "name": "att",
    "zname": "皇家连环炮",
    "serverName": "att",
    "whetherToShowScene": true,
    "whetherToShowRoom": false,
    "whetherToShowGamingInfo": false,
    "roomUserLimit": 100,
    "opened": true,
    "roomCount": 1
  },
  {
    "nid": "12",
    "sort": 11,
    "name": "pharaoh",
    "zname": "埃及夺宝",
    "serverName": "pharaoh",
    "whetherToShowScene": true,
    "whetherToShowRoom": false,
    "whetherToShowGamingInfo": false,
    "roomUserLimit": 100,
    "opened": true,
    "roomCount": 2
  },
  {
    "nid": "13",
    "sort": 12,
    "name": "MJ",
    "zname": "二人麻将",
    "serverName": "MJ",
    "whetherToShowScene": true,
    "whetherToShowRoom": false,
    "whetherToShowGamingInfo": false,
    "roomUserLimit": 2,
    "opened": true,
    "roomCount": 5
  },
  {
    "nid": "14",
    "sort": 30,
    "name": "BenzBmw",
    "zname": "奔驰宝马",
    "serverName": "BenzBmw",
    "whetherToShowScene": true,
    "whetherToShowRoom": false,
    "whetherToShowGamingInfo": true,
    "roomUserLimit": 100,
    "opened": true,
    "roomCount": 2,
    "kind": 5
  },
  {
    "nid": "15",
    "sort": 31,
    "name": "halloween",
    "zname": "万圣夜",
    "serverName": "halloween",
    "whetherToShowScene": true,
    "whetherToShowRoom": false,
    "whetherToShowGamingInfo": false,
    "roomUserLimit": 100,
    "roomCount": 1,
    "opened": true
  },
  {
    "nid": "16",
    "sort": 13,
    "name": "TeenPatti",
    "zname": "印度三张牌",
    "serverName": "TeenPatti",
    "whetherToShowScene": true,
    "whetherToShowRoom": false,
    "whetherToShowGamingInfo": false,
    "roomUserLimit": 5,
    "opened": true,
    "roomCount": 5
  },
  {
    "nid": "17",
    "sort": 14,
    "name": "BlackJack",
    "zname": "百人21点",
    "serverName": "BlackJack",
    "whetherToShowScene": true,
    "whetherToShowRoom": false,
    "whetherToShowGamingInfo": false,
    "roomUserLimit": 100,
    "opened": true,
    "roomCount": 2,
    "kind": 5
  },
  {
    "nid": "18",
    "sort": 13,
    "name": "Erba",
    "zname": "推筒子",
    "serverName": "Erba",
    "whetherToShowScene": true,
    "whetherToShowRoom": false,
    "whetherToShowGamingInfo": false,
    "roomUserLimit": 4,
    "opened": true,
    "roomCount": 5
  },
  {
    "nid": "19",
    "sort": 16,
    "name": "RedBlack",
    "zname": "红黑大战",
    "serverName": "RedBlack",
    "whetherToShowScene": true,
    "whetherToShowGamingInfo": true,
    "whetherToShowRoom": false,
    "roomUserLimit": 100,
    "opened": true,
    "roomCount": 2,
    "kind": 5
  },
  {
    "nid": "20",
    "sort": 17,
    "name": "GoldenFlower",
    "zname": "炸金花",
    "serverName": "GoldenFlower",
    "whetherToShowScene": true,
    "whetherToShowGamingInfo": false,
    "whetherToShowRoom": false,
    "roomUserLimit": 5,
    "opened": true,
    "roomCount": 5
  },
  {
    "nid": "21",
    "sort": 17,
    "name": "LuckyDice",
    "zname": "幸运骰子",
    "serverName": "LuckyDice",
    "whetherToShowScene": true,
    "whetherToShowGamingInfo": false,
    "whetherToShowRoom": false,
    "roomUserLimit": 8,
    "opened": true,
    "roomCount": 5
  },
  {
    "nid": "22",
    "sort": 21,
    "name": "BlackGame",
    "zname": "21点",
    "serverName": "BlackGame",
    "whetherToShowScene": true,
    "whetherToShowRoom": false,
    "whetherToShowGamingInfo": false,
    "roomUserLimit": 5,
    "opened": true,
    "roomCount": 1
  },
  {
    "nid": "23",
    "sort": 28,
    "name": "qznnpp",
    "zname": "抢庄牛牛",
    "serverName": "qznnpp",
    "whetherToShowScene": true,
    "whetherToShowRoom": false,
    "whetherToShowGamingInfo": false,
    "roomUserLimit": 4,
    "opened": true,
    "roomCount": 5
  },
  {
    "nid": "24",
    "sort": 1,
    "name": "luckyWheel",
    "zname": "幸运转盘",
    "serverName": "luckyWheel",
    "whetherToShowScene": false,
    "whetherToShowGamingInfo": false,
    "whetherToShowRoom": false,
    "roomUserLimit": 100,
    "opened": true,
    "roomCount": 1
  },
  {
    "nid": "25",
    "sort": 28,
    "name": "qzpj",
    "zname": "抢庄牌九",
    "serverName": "qzpj",
    "whetherToShowScene": true,
    "whetherToShowRoom": false,
    "whetherToShowGamingInfo": false,
    "roomUserLimit": 4,
    "opened": true,
    "roomCount": 5
  },
  {
    "nid": "26",
    "sort": 28,
    "name": "BingoMoney",
    "zname": "BingoMoney",
    "serverName": "BingoMoney",
    "whetherToShowScene": true,
    "whetherToShowRoom": false,
    "whetherToShowGamingInfo": false,
    "roomUserLimit": 100,
    "opened": true,
    "roomCount": 1
  },
  {
    "nid": "27",
    "sort": 28,
    "name": "hl6xc",
    "zname": "欢乐六星彩",
    "serverName": "hl6xc",
    "whetherToShowScene": true,
    "whetherToShowRoom": false,
    "whetherToShowGamingInfo": false,
    "roomUserLimit": 100,
    "opened": true,
    "roomCount": 1
  },
  {
    "nid": "28",
    "sort": 28,
    "name": "gems",
    "zname": "宝石物语",
    "serverName": "gems",
    "whetherToShowScene": true,
    "whetherToShowRoom": false,
    "whetherToShowGamingInfo": false,
    "roomUserLimit": 100,
    "opened": true,
    "roomCount": 1
  },
  {
    "nid": "29",
    "sort": 29,
    "name": "iceBall",
    "zname": "冰球突破",
    "serverName": "iceBall",
    "whetherToShowScene": true,
    "whetherToShowRoom": false,
    "whetherToShowGamingInfo": false,
    "roomUserLimit": 100,
    "opened": true,
    "roomCount": 1
  },
  {
    "nid": "30",
    "sort": 30,
    "name": "CandyParty",
    "zname": "糖果派对",
    "serverName": "CandyParty",
    "whetherToShowScene": true,
    "whetherToShowRoom": false,
    "whetherToShowGamingInfo": false,
    "roomUserLimit": 100,
    "opened": true,
    "roomCount": 1
  },
  {
    "nid": "31",
    "sort": 31,
    "name": "FortuneRooster",
    "zname": "金鸡报喜",
    "serverName": "FortuneRooster",
    "whetherToShowScene": true,
    "whetherToShowRoom": false,
    "whetherToShowGamingInfo": false,
    "roomUserLimit": 100,
    "opened": true,
    "roomCount": 1
  },
  {
    "nid": "32",
    "sort": 32,
    "name": "DeadBook",
    "zname": "亡灵之书",
    "serverName": "DeadBook",
    "whetherToShowScene": true,
    "whetherToShowRoom": false,
    "whetherToShowGamingInfo": false,
    "roomUserLimit": 100,
    "opened": true,
    "roomCount": 1
  },
  {
    "nid": "33",
    "sort": 33,
    "name": "CandyMoney",
    "zname": "糖果暴富",
    "serverName": "CandyMoney",
    "whetherToShowScene": true,
    "whetherToShowRoom": false,
    "whetherToShowGamingInfo": false,
    "roomUserLimit": 100,
    "opened": true,
    "roomCount": 1
  },
  {
    "nid": "34",
    "sort": 34,
    "name": "MineGame",
    "zname": "钻石矿工",
    "serverName": "MineGame",
    "whetherToShowScene": true,
    "whetherToShowRoom": false,
    "whetherToShowGamingInfo": false,
    "roomUserLimit": 100,
    "opened": true,
    "roomCount": 1
  },
  {
    "nid": "35",
    "sort": 35,
    "name": "RotateParty",
    "zname": "旋转派对",
    "serverName": "RotateParty",
    "whetherToShowScene": true,
    "whetherToShowRoom": false,
    "whetherToShowGamingInfo": false,
    "roomUserLimit": 100,
    "opened": true,
    "roomCount": 1
  },
  {
    "nid": "36",
    "sort": 36,
    "name": "MoonPrincess",
    "zname": "月亮公主",
    "serverName": "MoonPrincess",
    "whetherToShowScene": true,
    "whetherToShowRoom": false,
    "whetherToShowGamingInfo": false,
    "roomUserLimit": 100,
    "opened": true,
    "roomCount": 1
  },
  {
    "nid": "37",
    "sort": 37,
    "name": "TriplePanda",
    "zname": "三倍熊猫",
    "serverName": "TriplePanda",
    "whetherToShowScene": true,
    "whetherToShowRoom": false,
    "whetherToShowGamingInfo": false,
    "roomUserLimit": 100,
    "opened": true,
    "roomCount": 1
  },
  {
    "nid": "38",
    "sort": 38,
    "name": "Samba",
    "zname": "桑巴嘉年华",
    "serverName": "Samba",
    "whetherToShowScene": true,
    "whetherToShowRoom": false,
    "whetherToShowGamingInfo": false,
    "roomUserLimit": 100,
    "opened": true,
    "roomCount": 1
  },
  {
    "nid": "39",
    "sort": 39,
    "name": "caishen",
    "zname": "迎财神",
    "serverName": "caishen",
    "whetherToShowScene": true,
    "whetherToShowRoom": false,
    "whetherToShowGamingInfo": false,
    "roomUserLimit": 100,
    "opened": true,
    "roomCount": 1
  },
  {
    "nid": "40",
    "sort": 21,
    "name": "DZpipei",
    "zname": "德州扑克",
    "serverName": "DZpipei",
    "whetherToShowScene": true,
    "whetherToShowRoom": false,
    "whetherToShowGamingInfo": false,
    "roomUserLimit": 9,
    "opened": true,
    "roomCount": 5
  },
  {
    "nid": "41",
    "sort": 22,
    "name": "caohuaji",
    "zname": "五星宏辉",
    "serverName": "caohuaji",
    "whetherToShowScene": true,
    "whetherToShowRoom": false,
    "whetherToShowGamingInfo": false,
    "roomUserLimit": 100,
    "opened": true,
    "roomCount": 1
  },
  {
    "nid": "42",
    "sort": 23,
    "name": "DragonTiger",
    "zname": "龙虎斗",
    "serverName": "DragonTiger",
    "whetherToShowScene": true,
    "whetherToShowRoom": false,
    "whetherToShowGamingInfo": true,
    "roomUserLimit": 100,
    "opened": true,
    "roomCount": 1,
    "kind": 5
  },
  {
    "nid": "43",
    "sort": 24,
    "name": "SicBo",
    "zname": "骰宝",
    "serverName": "SicBo",
    "whetherToShowScene": true,
    "whetherToShowRoom": false,
    "whetherToShowGamingInfo": true,
    "roomUserLimit": 100,
    "opened": true,
    "roomCount": 2,
    "kind": 5
  },
  {
    "nid": "44",
    "sort": 25,
    "name": "Scratch",
    "zname": "刮刮乐",
    "serverName": "Scratch",
    "whetherToShowScene": true,
    "whetherToShowGamingInfo": false,
    "whetherToShowRoom": false,
    "roomUserLimit": 100,
    "opened": true,
    "roomCount": 1
  },
  {
    "nid": "45",
    "sort": 26,
    "name": "chinese_poker",
    "zname": "13水",
    "serverName": "chinese_poker",
    "whetherToShowScene": true,
    "whetherToShowRoom": false,
    "whetherToShowGamingInfo": false,
    "roomUserLimit": 4,
    "opened": true,
    "roomCount": 5
  },
  {
    "nid": "46",
    "sort": 27,
    "name": "sangong",
    "zname": "三公",
    "serverName": "sangong",
    "whetherToShowScene": true,
    "whetherToShowGamingInfo": false,
    "whetherToShowRoom": false,
    "roomUserLimit": 6,
    "opened": true,
    "roomCount": 5
  },
  {
    "nid": "47",
    "sort": 28,
    "name": "qznn",
    "zname": "看4张抢庄牛牛",
    "serverName": "qznn",
    "whetherToShowScene": true,
    "whetherToShowRoom": false,
    "whetherToShowGamingInfo": false,
    "roomUserLimit": 100,
    "opened": true,
    "roomCount": 5
  },
  {
    "nid": "49",
    "sort": 30,
    "name": "bairenTTZ",
    "zname": "万人推筒子",
    "serverName": "bairenTTZ",
    "whetherToShowScene": true,
    "whetherToShowRoom": false,
    "whetherToShowGamingInfo": true,
    "roomUserLimit": 100,
    "opened": true,
    "roomCount": 2,
    "kind": 5
  },
  {
    "nid": "50",
    "sort": 31,
    "name": "land",
    "zname": "斗地主",
    "serverName": "land",
    "whetherToShowScene": true,
    "whetherToShowRoom": false,
    "whetherToShowGamingInfo": false,
    "roomUserLimit": 3,
    "opened": true,
    "roomCount": 5
  },
  {
    "nid": "51",
    "sort": 32,
    "name": "fishery",
    "zname": "渔场大亨",
    "serverName": "fishery",
    "whetherToShowScene": false,
    "whetherToShowGamingInfo": true,
    "whetherToShowRoom": false,
    "roomUserLimit": 100,
    "opened": true,
    "roomCount": 2,
    "kind": 5
  },
  {
    "nid": "52",
    "sort": 33,
    "name": "FruitMachine",
    "zname": "水果机",
    "serverName": "FruitMachine",
    "whetherToShowScene": true,
    "whetherToShowRoom": false,
    "whetherToShowGamingInfo": false,
    "roomUserLimit": 100,
    "opened": true,
    "roomCount": 1
  },
  {
    "nid": "53",
    "sort": 34,
    "name": "WanRenJH",
    "zname": "万人金花",
    "serverName": "WanRenJH",
    "whetherToShowScene": true,
    "whetherToShowRoom": false,
    "whetherToShowGamingInfo": true,
    "roomUserLimit": 100,
    "opened": true,
    "roomCount": 2,
    "kind": 5
  },
  {
    "nid": "54",
    "sort": 34,
    "name": "SpicyhotPot",
    "zname": "麻辣火锅",
    "serverName": "SpicyhotPot",
    "whetherToShowScene": true,
    "whetherToShowRoom": false,
    "whetherToShowGamingInfo": false,
    "opened": true,
    "roomCount": 1,
    "roomUserLimit": 100
  },
  {
    "nid": "55",
    "sort": 35,
    "name": "slots77",
    "zname": "77(3x3)",
    "serverName": "slots77",
    "whetherToShowScene": true,
    "whetherToShowRoom": false,
    "whetherToShowGamingInfo": false,
    "opened": true,
    "roomCount": 1,
    "roomUserLimit": 100
  },
  {
    "nid": "58",
    "sort": 37,
    "name": "fishPrawnCrab",
    "zname": "鱼虾蟹",
    "serverName": "fishPrawnCrab",
    "whetherToShowScene": true,
    "whetherToShowGamingInfo": true,
    "whetherToShowRoom": false,
    "roomUserLimit": 100,
    "opened": true,
    "roomCount": 4,
    "kind": 5
  },
  {
    "nid": "59",
    "sort": 38,
    "name": "Crash",
    "zname": "Crash",
    "serverName": "Crash",
    "whetherToShowScene": true,
    "whetherToShowGamingInfo": false,
    "whetherToShowRoom": false,
    "roomUserLimit": 1,
    "opened": true,
    "roomCount": 1
  },
  {
    "nid": "60",
    "sort": 60,
    "name": "CashSlot",
    "zname": "现金老虎机",
    "serverName": "CashSlot",
    "whetherToShowScene": true,
    "whetherToShowGamingInfo": false,
    "whetherToShowRoom": false,
    "roomUserLimit": 1,
    "opened": true,
    "roomCount": 1
  },
  {
    "nid": "81",
    "sort": 49,
    "name": "redPacket",
    "zname": "红包扫雷",
    "lowLimit": 5000,
    "serverName": "redPacket",
    "whetherToShowScene": true,
    "whetherToShowRoom": false,
    "whetherToShowGamingInfo": false,
    "opened": true,
    "roomUserLimit": 100,
    "roomCount": 1,
    "kind": 5
  },
  {
    "nid": "82",
    "sort": 50,
    "name": "colorPlate",
    "zname": "色碟",
    "lowLimit": 5000,
    "serverName": "colorPlate",
    "whetherToShowScene": true,
    "whetherToShowRoom": false,
    "whetherToShowGamingInfo": true,
    "opened": true,
    "roomUserLimit": 100,
    "roomCount": 2,
    "kind": 5
  },
  {
    "nid": "83",
    "sort": 51,
    "name": "andarBahar",
    "zname": "猜AB",
    "lowLimit": 5000,
    "serverName": "andarBahar",
    "whetherToShowScene": true,
    "whetherToShowRoom": false,
    "whetherToShowGamingInfo": false,
    "opened": true,
    "roomUserLimit": 5,
    "roomCount": 5
  },
  {
    "nid": "84",
    "sort": 52,
    "name": "Rummy",
    "zname": "拉米纸牌",
    "lowLimit": 0,
    "serverName": "Rummy",
    "whetherToShowScene": true,
    "whetherToShowRoom": false,
    "whetherToShowGamingInfo": false,
    "opened": true,
    "roomUserLimit": 2,
    "roomCount": 5
  },
  {
    "nid": "85",
    "sort": 53,
    "name": "fanTan",
    "zname": "番摊",
    "lowLimit": 0,
    "serverName": "fanTan",
    "whetherToShowScene": true,
    "whetherToShowRoom": false,
    "whetherToShowGamingInfo": true,
    "opened": true,
    "roomUserLimit": 100,
    "roomCount": 2,
    "kind": 5
  },
  {
    "nid": "86",
    "sort": 54,
    "name": "IPL",
    "zname": "板球",
    "lowLimit": 0,
    "serverName": "IPL",
    "whetherToShowScene": false,
    "whetherToShowRoom": false,
    "whetherToShowGamingInfo": false,
    "opened": true,
    "roomUserLimit": 10000,
    "roomCount": 1,
    "kind": 5
  }
]