[
  {"nid": "6","sort": 1, "name":"捕鱼达人", "scenes":[ {"scene": -1 , "name": "选场"},{"scene": 0 , "name": "休闲场"},{"scene": 1 , "name": "专业场"},{"scene": 2 , "name": "精英场"}]},
  {"nid": "1", "sort":10,"name":"幸运777", "scenes": [{"scene": -1 , "name": "选场"},{"scene": 0 , "name": "专业场"}]},
  {"nid": "2", "sort":1,"name":"百草", "scenes": [{"scene": -1 , "name": "选场"},{"scene": 0 , "name": "初级场"},{"scene": 1 , "name": "中级场"},{"scene": 2 , "name": "高级场"},{"scene": 3 , "name": "至尊场"}]},
  {"nid": "3", "sort":3,"name":"双骰", "scenes": [{"scene": -1 , "name": "选场"},{"scene": 0 , "name": "荣耀厅"},{"scene": 1 , "name": "传奇厅"},{"scene": 2 , "name": "尊享厅"}]},
  {"nid": "4", "sort":4,"name":"梭哈", "scenes": [{"scene": -1 , "name": "选场"},{"scene": 0 , "name": "初级场"},{"scene": 1 , "name": "中级场"},{"scene": 2 , "name": "高级场"},{"scene": 3 , "name": "至尊场"}]},
  {"nid": "5","sort":5, "name":"骰子扑克","scenes": [{"scene": -1 , "name": "选场"},{"scene": 0 , "name": "体验场"},{"scene": 1 , "name": "初级场"},{"scene": 2 , "name": "中级场"},{"scene": 3 , "name": "高级场"},{"scene": 4 , "name": "至尊场"}]},
  {"nid": "25","sort":5, "name":"抢庄牌九","scenes": [{"scene": -1 , "name": "选场"},{"scene": 0 , "name": "体验场"},{"scene": 1 , "name": "初级场"},{"scene": 2 , "name": "中级场"},{"scene": 3 , "name": "高级场"},{"scene": 4 , "name": "至尊场"}]},
  {"nid": "26", "sort":10,"name":"BingoMoney", "scenes": [{"scene": -1 , "name": "选场"},{"scene": 0 , "name": "专业场"}]},
  {"nid": "27", "sort":10,"name":"欢乐六星彩", "scenes": [{"scene": -1 , "name": "选场"},{"scene": 0 , "name": "专业场"}]},
  {"nid": "28", "sort":10,"name":"宝石物语", "scenes": [{"scene": -1 , "name": "选场"},{"scene": 0 , "name": "专业场"}]},
  {"nid": "29", "sort":10,"name":"冰球突破", "scenes": [{"scene": -1 , "name": "选场"},{"scene": 0 , "name": "专业场"}]},
  {"nid": "30", "sort":10,"name":"糖果派对", "scenes": [{"scene": -1 , "name": "选场"},{"scene": 0 , "name": "专业场"}]},
  {"nid": "31", "sort":10,"name":"金鸡报喜", "scenes": [{"scene": -1 , "name": "选场"},{"scene": 0 , "name": "专业场"}]},
  {"nid": "32", "sort":10,"name":"亡灵之书", "scenes": [{"scene": -1 , "name": "选场"},{"scene": 0 , "name": "专业场"}]},
  {"nid": "35", "sort":10,"name":"旋转派对", "scenes": [{"scene": -1 , "name": "选场"},{"scene": 0 , "name": "专业场"}]},
  {"nid": "37", "sort":10,"name":"三倍熊猫", "scenes": [{"scene": -1 , "name": "选场"},{"scene": 0 , "name": "专业场"}]},
  {"nid": "38", "sort":10,"name":"桑巴嘉年华", "scenes": [{"scene": -1 , "name": "选场"},{"scene": 0 , "name": "专业场"}]},
  {"nid": "39", "sort":10,"name":"迎财神", "scenes": [{"scene": -1 , "name": "选场"},{"scene": 0 , "name": "专业场"}]},
  {"nid": "33", "sort":10,"name":"糖果暴富", "scenes": [{"scene": -1 , "name": "选场"},{"scene": 0 , "name": "专业场"}]},
  {"nid": "34", "sort":10,"name":"钻石矿工", "scenes": [{"scene": -1 , "name": "选场"},{"scene": 0 , "name": "专业场"}]},
  {"nid": "15", "sort":10,"name":"万圣夜", "scenes": [{"scene": -1 , "name": "选场"},{"scene": 0 , "name": "专业场"}]},
  {"nid": "50","sort":2,"name":"斗地主", "scenes": [{"scene": -1 , "name": "选场"},{"scene": 0 , "name": "初级场"},{"scene": 1 , "name": "中级场"},{"scene": 2 , "name": "高级场"},{"scene": 3 , "name": "至尊场"}]},
  {"nid": "51","sort":2,"name":"渔场大亨", "scenes": [{"scene": -1 , "name": "选场"},{"scene": 0 , "name": "荣耀厅"}]},
  {"nid": "52","sort":2,"name":"水果机", "scenes": [{"scene": -1 , "name": "选场"},{"scene": 0 , "name": "专业场"}]},
  {"nid": "53","sort":2,"name":"万人金花", "scenes": [{"scene": -1 , "name": "选场"},{"scene": 0 , "name": "荣耀厅"},{"scene": 1 , "name": "传奇厅"}]},
  {"nid": "54","sort":2,"name":"麻辣火锅", "scenes": [{"scene": -1 , "name": "选场"},{"scene": 0 , "name": "专业场"}]},
  {"nid": "58","sort":2,"name":"鱼虾蟹", "scenes": [{"scene": -1 , "name": "选场"},{"scene": 0 , "name": "荣耀厅"}]},
  {"nid": "59","sort":2,"name":"Crash", "scenes": [{"scene": -1 , "name": "选场"},{"scene": 0 , "name": "荣耀厅"}]},
  {"nid": "60","sort":2,"name":"CashSlot", "scenes": [{"scene": -1 , "name": "选场"},{"scene": 0 , "name": "荣耀厅"}]},
  {"nid": "7","sort":11, "name":"猴王传奇", "scenes": [{"scene": -1 , "name": "选场"},{"scene": 0 , "name": "专业场"}]},
  {"nid": "81","sort":12,"name":"红包扫雷", "scenes": [{"scene": -1 , "name": "选场"},{"scene": 0 , "name": "10包1倍场"},{"scene": 1 , "name": "7包1.5倍场"}]},
  {"nid": "82","sort":12,"name":"色碟", "scenes": [{"scene": -1 , "name": "选场"},{"scene": 0 , "name": "荣耀厅"}]},
  {"nid": "83","sort":12,"name":"猜AB", "scenes": [{"scene": -1 , "name": "选场"},{"scene": 0 , "name": "初级场"},{"scene": 1 , "name": "中级场"},{"scene": 2 , "name": "高级场"},{"scene": 3 , "name": "至尊场"}]},
  {"nid": "84","sort":12,"name":"拉米纸牌", "scenes": [{"scene": -1 , "name": "选场"},{"scene": 0 , "name": "初级场"},{"scene": 1 , "name": "中级场"},{"scene": 2 , "name": "高级场"},{"scene": 3 , "name": "至尊场"}]},
  {"nid": "85","sort":12,"name":"番摊", "scenes": [{"scene": -1 , "name": "选场"},{"scene": 0 , "name": "荣耀厅"}]},
  {"nid": "8","sort":3, "name":"百家乐","scenes": [{"scene": -1 , "name": "选场"},{"scene": 0 , "name": "荣耀厅"},{"scene": 1 , "name": "传奇厅"},{"scene": 2 , "name": "尊享厅"}]},
  {"nid": "9", "sort":4,"name":"百人牛牛","scenes": [{"scene": -1 , "name": "选场"},{"scene": 0 , "name": "荣耀厅"},{"scene": 1 , "name": "传奇厅"}]},
  {"nid": "10", "sort":4,"name":"寻宝奇航","scenes": [{"scene": -1 , "name": "选场"},{"scene": 0 , "name": "专业场"}]},
  {"nid": "41","sort":13, "name":"五星宏辉","scenes": [{"scene": -1 , "name": "选场"},{"scene": 0 , "name": "专业场"}]},
  {"nid": "12","sort":14, "name":"埃及夺宝","scenes": [{"scene": -1 , "name": "选场"},{"scene": 0 , "name": "专业场"}]},
  {"nid": "13","sort":14, "name":"二人麻将","scenes": [{"scene": -1 , "name": "选场"},{"scene": 0 , "name": "初级场"},{"scene": 1 , "name": "中级场"},{"scene": 2 , "name": "高级场"},{"scene": 3 , "name": "至尊场"}]},
  {"nid": "14","sort":14, "name":"奔驰宝马","scenes": [{"scene": -1 , "name": "选场"},{"scene": 0 , "name": "荣耀厅"},{"scene": 1 , "name": "尊享厅"}]},
  {"nid": "16","sort":14, "name":"印度三张牌","scenes": [{"scene": -1 , "name": "选场"},{"scene": 0 , "name": "初级场"},{"scene": 1 , "name": "中级场"},{"scene": 2 , "name": "高级场"},{"scene": 3 , "name": "至尊场"}]},
  {"nid": "17","sort":6, "name":"百人21点","scenes": [{"scene": -1 , "name": "选场"},{"scene": 0 , "name": "荣耀厅"},{"scene": 1 , "name": "传奇厅"},{"scene": 2 , "name": "尊享厅"}]},
  {"nid": "19","sort":7, "name":"红黑大战","scenes": [{"scene": -1 , "name": "选场"},{"scene": 0 , "name": "荣耀厅"},{"scene": 1 , "name": "传奇厅"},{"scene": 2 , "name": "尊享厅"}]},
  {"nid": "18","sort":8, "name":"推筒子","scenes": [{"scene": -1 , "name": "选场"},{"scene": 0 , "name": "初级场"},{"scene": 1 , "name": "中级场"},{"scene": 2 , "name": "高级场"},{"scene": 3 , "name": "至尊场"}]},
  {"nid": "20","sort":8, "name":"炸金花","scenes": [{"scene": -1 , "name": "选场"},{"scene": 0 , "name": "初级场"},{"scene": 1 , "name": "中级场"},{"scene": 2 , "name": "高级场"},{"scene": 3 , "name": "至尊场"}]},
  {"nid": "22","sort":8, "name":"21点","scenes": [{"scene": -1 , "name": "选场"},{"scene": 0 , "name": "初级场"},{"scene": 1 , "name": "中级场"},{"scene": 2 , "name": "高级场"},{"scene": 3 , "name": "至尊场"}]},
  {"nid": "21","sort":8, "name":"幸运骰子","scenes": [{"scene": -1 , "name": "选场"},{"scene": 0 , "name": "初级场"},{"scene": 1 , "name": "中级场"},{"scene": 2 , "name": "高级场"},{"scene": 3 , "name": "至尊场"}]},
  {"nid": "40", "name":"德州扑克","scenes": [{"scene": 0 , "name": "财运亨通"},{"scene": 1 , "name": "日进斗金"},
    {"scene": 2 , "name": "金玉满堂"},{"scene": 3 , "name": "富可敌国"},{"scene": 4 , "name": "初窥门径"},
    {"scene": 5 , "name": "驾轻就熟"},{"scene": 6 , "name": "炉火纯青"},{"scene": 7 , "name": "登峰造极"}]},
  {"nid": "47","sort":5, "name":"看4张抢庄牛牛","scenes": [{"scene": -1 , "name": "选场"},{"scene": 0 , "name": "体验场"},{"scene": 1 , "name": "初级场"},{"scene": 2 , "name": "中级场"},{"scene": 3 , "name": "高级场"},{"scene": 4 , "name": "至尊场"},{"scene": 5 , "name": "王者场"}]},
  {"nid": "11","sort":15, "name":"皇家连环炮","scenes": [{"scene": -1 , "name": "选场"},{"scene": 0 , "name": "专业场"}]},
  {"nid": "42","sort":9, "name":"龙虎斗","scenes": [{"scene": -1 , "name": "选场"},{"scene": 0 , "name": "荣耀厅"},{"scene": 1 , "name": "传奇厅"},{"scene": 2 , "name": "尊享厅"}]},
  {"nid": "43","sort":10, "name":"骰宝","scenes": [{"scene": -1 , "name": "选场"},{"scene": 0 , "name": "传奇厅"}]},
  {"nid": "44","sort":10, "name":"刮刮乐","scenes": [{"scene": -1 , "name": "选场"},{"scene": 0 , "name": "专业场"}]},
  {"nid": "45","sort":10, "name":"13水","scenes": [{"scene": -1 , "name": "选场"},{"scene": 0 , "name": "初级场"},{"scene": 1 , "name": "中级场"},{"scene": 2 , "name": "高级场"},{"scene": 3 , "name": "至尊场"}]},
  {"nid": "23","sort":10, "name":"抢庄牛牛","scenes": [{"scene": -1 , "name": "选场"},{"scene": 0 , "name": "初级场"},{"scene": 1 , "name": "中级场"},{"scene": 2 , "name": "高级场"},{"scene": 3 , "name": "至尊场"}]},
  {"nid": "46","sort":10, "name":"三公","scenes": [{"scene": -1 , "name": "选场"},{"scene": 0 , "name": "初级场"},{"scene": 1 , "name": "中级场"},{"scene": 2 , "name": "高级场"},{"scene": 3 , "name": "至尊场"}]},
  {"nid": "49","sort":10, "name":"万人推筒子","scenes": [{"scene": -1 , "name": "选场"},{"scene": 0 , "name": "荣耀厅"},{"scene": 1 , "name": "传奇厅"}]},
  {"nid": "24", "sort":10, "name":"幸运转盘", "scenes": [{"scene": 0 , "name": "幸运转盘"}]},
  {"nid": "-1",  "name":"大厅", "scenes": [{"scene": -1 , "name": "选场"}]}
]
