[
  {
    "nid": "1",
    "name": "slots777",
    "jackpot": 500000
  },
  {
    "nid": "2",
    "name": "slothumburg",
    "jackpot": 500000
  },
  {
    "nid": "3",
    "name": "hotPot",
    "jackpot": 0
  },
  {
    "nid": "4",
    "name": "eliminate",
    "jackpot": 0
  },
  {
    "nid": "5",
    "name": "SanGuo",
    "jackpot": 0
  },
  {
    "nid": "6",
    "name": "buyu",
    "jackpot": 0
  },
  {
    "nid": "7",
    "name": "QitianDasheng",
    "jackpot": 500000
  },
  {
    "nid": "8",
    "name": "baijia",
    "jackpot": 50000000
  },
  {
    "nid": "9",
    "name": "bairen",
    "jackpot": 50000000
  },
  {
    "nid": "10",
    "name": "pirate",
    "jackpot": 500000
  },
  {
    "nid": "11",
    "name": "att",
    "jackpot": 5000000
  },
  {
    "nid": "13",
    "name": "SparrowHZH",
    "jackpot": 5000000
  },
  {
    "nid": "14",
    "name": "BenzBmw",
    "jackpot": 5000000
  },
  {
    "nid": "15",
    "name": "halloween",
    "jackpot": 5000000
  },
  {
    "nid": "12",
    "name": "pharaoh",
    "jackpot": 500000
  },
  {
    "nid": "16",
    "name": "niuniu",
    "jackpot": 0
  },
  {
    "nid": "17",
    "name": "21",
    "jackpot": 50000000
  },
  {
    "nid": "18",
    "name": "Erba",
    "jackpot": 50000000
  },
  {
    "nid": "19",
    "name": "RedBlack",
    "jackpot": 0
  },
  {
    "nid": "20",
    "name": "GoldenFlower",
    "jackpot": 0
  },
  {
    "nid": "21",
    "name": "LuckyDice",
    "jackpot": 0
  },
  {
    "nid": "22",
    "name": "BlackGame",
    "jackpot": 0
  },
  {
    "nid": "23",
    "name": "qznnpp",
    "jackpot": 0
  },
  {
    "nid": "24",
    "name": "luckyWheel",
    "jackpot": 0
  },
  {
    "nid": "25",
    "name": "qzpj",
    "jackpot": 0
  },
  {
    "nid": "26",
    "name": "BingoMoney",
    "jackpot": 500000
  },
  {
    "nid": "27",
    "name": "hl6xc",
    "jackpot": 500000
  },
  {
    "nid": "28",
    "name": "gems",
    "jackpot": 500000
  },
  {
    "nid": "29",
    "name": "iceBall",
    "jackpot": 500000
  },
  {
    "nid": "30",
    "name": "liubianxing",
    "jackpot": 0
  },
  {
    "nid": "31",
    "name": "FortuneRooster",
    "jackpot": 0
  },
  {
    "nid": "32",
    "name": "DeadBook",
    "jackpot": 0
  },
  {
    "nid": "33",
    "name": "CandyMoney",
    "jackpot": 0
  },
  {
    "nid": "34",
    "name": "MineGame",
    "jackpot": 0
  },
  {
    "nid": "35",
    "name": "RotateParty",
    "jackpot": 0
  },
  {
    "nid": "37",
    "name": "TriplePanda",
    "jackpot": 0
  },
  {
    "nid": "38",
    "name": "Samba",
    "jackpot": 0
  },
  {
    "nid": "39",
    "name": "caishen",
    "jackpot": 0
  },
  {
    "nid": "41",
    "name": "FlowerMachineGame",
    "jackpot": 0
  },
  {
    "nid": "40",
    "name": "dzpipei",
    "jackpot": 0
  },
  {
    "nid": "42",
    "name": "DAT",
    "jackpot": 50000000
  },
  {
    "nid": "43",
    "name": "dice",
    "jackpot": 50000000
  },
  {
    "nid": "44",
    "name": "Scratch",
    "jackpot": 50000000
  },
  {
    "nid": "45",
    "name": "chinese-poker",
    "jackpot": 50000000
  },
  {
    "nid": "46",
    "name": "sangong",
    "jackpot": 50000000
  },
  {
    "nid": "48",
    "name": "ttz",
    "jackpot": 50000000
  },
  {
    "nid": "49",
    "name": "ttz_zhuang",
    "jackpot": 50000000
  },
  {
    "nid": "47",
    "name": "qznn",
    "jackpot": 50000000
  },
  {
    "nid": "51",
    "name": "fishery",
    "jackpot": 0
  },
  {
    "nid": "50",
    "name": "doudizhu",
    "jackpot": 50000000
  },
  {
    "nid": "52",
    "name": "FruitMachine",
    "jackpot": 0
  },
  {
    "nid": "53",
    "name": "ThreeCards",
    "jackpot": 0
  },
  {
    "nid": "54",
    "name": "SpicyhotPot",
    "jackpot": 0
  },
  {
    "nid": "55",
    "name": "bairen_caipiao",
    "jackpot": 0
  },
  {
    "nid": "58",
    "name": "fishPrawnCrab",
    "jackpot": 0
  },
  {
    "nid": "59",
    "name": "Crash",
    "jackpot": 0
  },
  {
    "nid": "60",
    "name": "CashSlot",
    "jackpot": 0
  },
  {
    "nid": "81",
    "name": "redPacket",
    "jackpot": 0
  },
  {
    "nid": "82",
    "name": "colorPlate",
    "jackpot": 0
  },
  {
    "nid": "83",
    "name": "andarBahar",
    "jackpot": 0
  },
  {
    "nid": "84",
    "name": "Rummy",
    "jackpot": 0
  },
  {
    "nid": "85",
    "name": "fanTan",
    "jackpot": 0
  }
]