[
    {
        "type": "gateHttp",
        "token": "ff9ebc304b2047186a9aaf9ad858f332ed018debc8ed78a910639128fd17fa5d"
    },
    {
        "type": "connector",
        "token": "91932831034317b03827566d6fde73dd1960674ca19674dd06ec9fa60a1eac00"
    },
    {
        "type": "hall",
        "token": "a639702fcc8e808be510dce82d3317c8dee8c3ad5b4a5848fc87c426c4ad67c2"
    },
    {
        "type": "schedule",
        "token": "2b02a8c6f8234ebfe935a5e09da3fe43a14de108b6e3c1ac106454ada5429940"
    },
    {
        "type": "control",
        "token": "26b8a697735679b74fba9d7caeb57b32c5364469a1d9d5e4530c880e4d7fdc77"
    },
    {
        "type": "gmsApi",
        "token": "eec1b2404754f222be99d0514c2d5802b08d825120f7ab623b376638e02da595"
    },
    {
        "type": "checkPlayerInGame",
        "token": "2409066acf5f9bbcddcf49c83657215ce9ea7316635fc08f339fe4eee2021803"
    },
    {
        "type": "activity",
        "token": "fda28d5f7f5984a27f88c7ffff79946480736619a549d0ce16e62ff41447f4ce"
    },
    {
        "type": "DZpipei",
        "token": "d68a46114e6ded0fb588887cbb50d281afbf1fcaa6c5610f83b739eebc7ff07a"
    },
    {
        "type": "GoldenFlower",
        "token": "e65389cd587826421cb2103f2f49d98bdfe54e4ce3cb0227f60649468fc65fff"
    },
    {
        "type": "qznnpp",
        "token": "1c39c7b77322d743f981b2b20f2b83bb9e974aa4d29dd8d79d5e50f9ecce2df2"
    }
]